演员,关系,戏园
一升雷,演出于,人和园
孟小兰,演出于,人和园
孟小卿,演出于,人和园
达子红,演出于,人和园
达子红,演出于,春仙茶园
盖天红,演出于,人和园
盖天红,演出于,广乐茶园
丁香花,演出于,人和园
丁香花,演出于,春仙茶园
盖兰州,演出于,人和园
盖兰州,演出于,燕舞台
玻璃翠,演出于,人和园
玻璃翠,演出于,广兴茶园
玻璃翠,演出于,中和茶园
玻璃翠,演出于,春仙茶园
玻璃翠,演出于,景泰茶园
玻璃翠,演出于,德泉戏园
玻璃翠,演出于,燕喜茶园
玻璃翠,演出于,燕喜堂
六岁红,演出于,人和园
六岁红,演出于,春仙茶园
金香翠,演出于,人和园
小十二旦,演出于,人和园
自来香,演出于,人和园
小玉红,演出于,人和园
小玉红,演出于,升平茶园
小玉红,演出于,吉祥茶园
小玉红,演出于,吉祥园
小玉芬,演出于,人和园
小玉芬,演出于,吉祥茶园
小玉芬,演出于,吉祥园
小玉芬,演出于,春仙茶园
小玉芬,演出于,第一舞台
小月楼,演出于,人和园
小月楼,演出于,文明茶园
小月楼,演出于,吉祥园
小月楼,演出于,春仙茶园
小月楼,演出于,燕舞台
小月楼,演出于,堂会义务戏戏单
七金子,演出于,人和园
七金子,演出于,吉祥园
七金子,演出于,西安园
七金子,演出于,春仙茶园
小连仲,演出于,人和园
小连仲,演出于,春仙茶园
崔德林,演出于,三庆园
陈喜光,演出于,三庆园
陈喜光,演出于,开明戏院
陈喜光,演出于,吉祥大戏院
陈喜光,演出于,哈尔飞戏院
陈喜光,演出于,春仙茶园
张娃娃,演出于,三庆园
张娃娃,演出于,春仙茶园
上海新到小小十三旦,演出于,三庆园
张喜和,演出于,三庆园
张喜和,演出于,广德楼
张喜和,演出于,庆升茶园
金连寿,演出于,三庆园
金连寿,演出于,广德楼
金连寿,演出于,牡丹园春庆社
何连涛,演出于,三庆园
何连涛,演出于,广和楼
何连涛,演出于,广德楼
何连涛,演出于,中和戏院
何连涛,演出于,消闲友会
殷连瑞,演出于,三庆园
殷连瑞,演出于,广和楼
张连芬,演出于,三庆园
张连芬,演出于,广德楼
小金红,演出于,三庆园
小金红,演出于,三庆茶园
小金红,演出于,燕喜茶园
程连喜,演出于,三庆园
程连喜,演出于,吉祥茶园
程连喜,演出于,吉祥园斌广社
明娃娃,演出于,三庆园
明娃娃,演出于,吉祥舞台
明娃娃,演出于,庆升茶园
明娃娃,演出于,春仙茶园
水上漂,演出于,三庆园
水上漂,演出于,广乐茶园
金丝红,演出于,三庆园
金丝红,演出于,广德楼
金丝红,演出于,庆升茶园
金丝红,演出于,春仙茶园
小百岁,演出于,三庆园
小百岁,演出于,广德楼
小百岁,演出于,丹桂茶园
小百岁,演出于,吉祥园斌广社
小百岁,演出于,庆升茶园
小百岁,演出于,庆乐园
小百岁,演出于,春仙茶园
小百岁,演出于,燕舞台
李喜兰,演出于,三庆园
李喜兰,演出于,广德楼
小穆子,演出于,三庆园
小穆子,演出于,广德楼
小穆子,演出于,文明茶园
小穆子,演出于,庆升茶园
小穆子,演出于,春仙茶园
曹小凤,演出于,三庆园
曹小凤,演出于,大舞台
曹小凤,演出于,景泰茶园
何春升,演出于,三庆园
何春升,演出于,广德楼
何春升,演出于,庆升茶园
赵喜魁,演出于,三庆园
赵喜魁,演出于,广德楼
赵喜魁,演出于,庆升茶园
钟连明,演出于,三庆园
元元旦,演出于,三庆园
元元旦,演出于,广德楼
元元旦,演出于,文明茶园
元元旦,演出于,庆升茶园
元元旦,演出于,春仙茶园
侯喜瑞,演出于,三庆园
侯喜瑞,演出于,广德楼
侯喜瑞,演出于,中和戏院
侯喜瑞,演出于,开明戏院
侯喜瑞,演出于,吉祥大戏院
侯喜瑞,演出于,吉祥戏院
侯喜瑞,演出于,庆升茶园
侯喜瑞,演出于,哈尔飞戏院
侯喜瑞,演出于,新明剧场
侯喜瑞,演出于,消闲友会
侯喜瑞,演出于,堂会义务戏戏单
凖演康喜寿,演出于,三庆园
刘喜益,演出于,三庆园
刘喜益,演出于,庆升茶园
云中凤,演出于,三庆园
云中凤,演出于,广乐茶园
云中凤,演出于,广德楼
云中凤,演出于,吉祥园
云中凤,演出于,庆乐戏园
云中凤,演出于,庆乐戏院
云中凤,演出于,庆乐戏院奎德社
云中凤,演出于,春仙茶园
钟喜乆,演出于,三庆园
迟喜珠,演出于,三庆园
迟喜珠,演出于,广德楼
迟喜珠,演出于,春仙茶园
钟连鸣,演出于,三庆园
殷连魁,演出于,三庆园
殷连魁,演出于,广德楼
张喜福,演出于,三庆园
张喜福,演出于,广德楼
张喜福,演出于,庆升茶园
水上飃,演出于,三庆园
明娃娃红,演出于,三庆园
明娃娃红,演出于,广德楼
凖演金丝红,演出于,三庆园
凖演元元旦,演出于,三庆园
小十一红,演出于,三庆园
郭喜庆,演出于,三庆园
郭喜庆,演出于,广德楼
郭喜庆,演出于,庆升茶园
凖演小穆子,演出于,三庆园
小德子,演出于,三庆园
小德子,演出于,广乐茶园
小德子,演出于,广德楼
小德子,演出于,庆升茶园
刘喜怡,演出于,三庆园
刘喜怡,演出于,广德楼
刘凤林,演出于,三庆园
刘凤林,演出于,丹桂茶园
刘凤林,演出于,华乐园
刘凤林,演出于,吉祥园
刘凤林,演出于,吉祥园双庆社
刘凤林,演出于,同乐茶园
李连仲,演出于,三庆园
李连仲,演出于,天乐茶园
李连仲,演出于,吉祥园双庆社
李连仲,演出于,吉祥园
李连仲,演出于,同乐茶园
李连仲,演出于,同乐园
李连仲,演出于,庆乐园
李连仲,演出于,庆乐茶园
李连仲,演出于,春仙茶园
李连仲,演出于,第一舞台
李连仲,演出于,景泰茶园
王长林,演出于,三庆园
王长林,演出于,天乐茶园
王长林,演出于,同乐茶园
王长林,演出于,庆乐园
王长林,演出于,庆乐茶园
王长林,演出于,春仙茶园
王长林,演出于,第一舞台
王长林,演出于,景泰茶园
王长林,演出于,新明剧场
王长林,演出于,消闲友会
张如亭,演出于,三庆园
张如亭,演出于,同乐茶园
慈瑞泉,演出于,三庆园
慈瑞泉,演出于,大舞台
慈瑞泉,演出于,广和楼
慈瑞泉,演出于,中和戏院
慈瑞泉,演出于,中和大戏院
慈瑞泉,演出于,华乐园
慈瑞泉,演出于,华乐戏院
慈瑞泉,演出于,开明戏院
慈瑞泉,演出于,长安大戏院
慈瑞泉,演出于,吉祥戏院
慈瑞泉,演出于,同乐茶园
慈瑞泉,演出于,第一舞台
慈瑞泉,演出于,景泰茶园
慈瑞泉,演出于,新新大戏院
慈瑞泉,演出于,消闲友会
程继仙,演出于,三庆园
程继仙,演出于,文明茶园
程继仙,演出于,吉祥园
程继仙,演出于,吉祥园双庆社
程继仙,演出于,哈尔飞戏院
程继仙,演出于,第一舞台
白牡丹,演出于,三庆园
白牡丹,演出于,广兴茶园
白牡丹,演出于,牡丹园春庆社
白牡丹,演出于,乐舞台
白牡丹,演出于,民乐茶园
白牡丹,演出于,吉祥园
白牡丹,演出于,同乐茶园
白牡丹,演出于,庆乐园
白牡丹,演出于,庆乐茶园
白牡丹,演出于,第一舞台
白牡丹,演出于,燕喜堂
白牡丹,演出于,燕舞台
白牡丹,演出于,堂会义务戏戏单
孙砚亭,演出于,三庆园
孙砚亭,演出于,同乐茶园
张彩林,演出于,三庆园
张彩林,演出于,广和楼
张彩林,演出于,牡丹园春庆社
张彩林,演出于,文明茶园
张彩林,演出于,春仙茶园
高庆奎,演出于,三庆园
高庆奎,演出于,天乐茶园
高庆奎,演出于,华乐园
高庆奎,演出于,文明茶园
高庆奎,演出于,吉祥园
高庆奎,演出于,吉祥园双庆社
高庆奎,演出于,春仙茶园
麻木子,演出于,三庆园
麻木子,演出于,大舞台
麻木子,演出于,广兴茶园
麻木子,演出于,丹桂茶园
裘桂山,演出于,三庆园
裘桂山,演出于,吉祥园双庆社
傅小山,演出于,三庆园
傅小山,演出于,华乐园
傅小山,演出于,开明戏院
傅小山,演出于,吉祥园
傅小山,演出于,吉祥园双庆社
傅小山,演出于,同乐茶园
傅小山,演出于,庆乐茶园
傅小山,演出于,哈尔飞戏院
傅小山,演出于,景泰茶园
朱相泉,演出于,三庆园
杨韵芳,演出于,三庆园
杨韵芳,演出于,文明茶园
朱桂芬,演出于,三庆园
朱桂芬,演出于,吉祥茶园
朱桂芬,演出于,同乐茶园
朱桂芬,演出于,春仙茶园
王三黑,演出于,三庆园
王三黑,演出于,民乐茶园
王三黑,演出于,庆乐茶园
许德义,演出于,三庆园
许德义,演出于,中和戏院
许德义,演出于,长安大戏院
许德义,演出于,吉祥茶园
许德义,演出于,同乐茶园
许德义,演出于,庆乐园
许德义,演出于,庆乐茶园
许德义,演出于,哈尔飞戏院
迟月亭,演出于,三庆园
迟月亭,演出于,广和楼
迟月亭,演出于,长安大戏院
迟月亭,演出于,吉祥园双庆社
迟月亭,演出于,吉祥园
迟月亭,演出于,吉祥大戏院
迟月亭,演出于,吉祥茶园
迟月亭,演出于,哈尔飞戏院
迟月亭,演出于,第一舞台
范宝亭,演出于,三庆园
范宝亭,演出于,中和戏院
范宝亭,演出于,中和大戏院
范宝亭,演出于,华乐园
范宝亭,演出于,华乐戏院
范宝亭,演出于,开明戏院
范宝亭,演出于,长安大戏院
范宝亭,演出于,长安戏院
范宝亭,演出于,吉祥园双庆社
范宝亭,演出于,吉祥园
范宝亭,演出于,吉祥戏院
范宝亭,演出于,吉祥大戏院
范宝亭,演出于,第一舞台
田春喜,演出于,三庆园
田春喜,演出于,文明茶园
田春喜,演出于,吉祥园
田春喜,演出于,吉祥园双庆社
田春喜,演出于,同乐园松庆社
姜妙香,演出于,三庆园
姜妙香,演出于,中和戏院
姜妙香,演出于,华乐戏院
姜妙香,演出于,文明茶园
姜妙香,演出于,吉祥园
姜妙香,演出于,吉祥园双庆社
姜妙香,演出于,吉祥大戏院
姜妙香,演出于,哈尔飞戏院
姜妙香,演出于,第一舞台
姜妙香,演出于,新新戏院
姜妙香,演出于,消闲友会
李顺亭,演出于,三庆园
李顺亭,演出于,广和楼
李顺亭,演出于,文明茶园
李顺亭,演出于,吉祥园
李顺亭,演出于,吉祥园双庆社
李顺亭,演出于,同乐茶园
李顺亭,演出于,庆升茶园
李顺亭,演出于,庆乐园
李顺亭,演出于,庆乐茶园
李顺亭,演出于,第一舞台
梅兰芳,演出于,三庆园
梅兰芳,演出于,天乐茶园
梅兰芳,演出于,吉祥园
梅兰芳,演出于,吉祥园双庆社
梅兰芳,演出于,第一舞台
梅兰芳,演出于,消闲友会
郭春山,演出于,三庆园
郭春山,演出于,中和戏院
郭春山,演出于,华乐园
郭春山,演出于,文明茶园
郭春山,演出于,长安大戏院
郭春山,演出于,吉祥茶园
郭春山,演出于,吉祥园
郭春山,演出于,吉祥大戏院
郭春山,演出于,吉祥戏院
郭春山,演出于,吉祥园双庆社
郭春山,演出于,同乐茶园
郭春山,演出于,哈尔飞戏院
郭春山,演出于,第一舞台
郭春山,演出于,新新大戏院
郭春山,演出于,新新戏院
王凤卿,演出于,三庆园
王凤卿,演出于,中和戏院
王凤卿,演出于,中和大戏院
王凤卿,演出于,华乐戏院
王凤卿,演出于,开明戏院
王凤卿,演出于,文明茶园
王凤卿,演出于,长安大戏院
王凤卿,演出于,长安戏院
王凤卿,演出于,吉祥园
王凤卿,演出于,吉祥园双庆社
王凤卿,演出于,吉祥戏院
王凤卿,演出于,吉祥大戏院
王凤卿,演出于,第一舞台
王凤卿,演出于,消闲友会
李敬山,演出于,三庆园
李敬山,演出于,大舞台
李敬山,演出于,天乐茶园
李敬山,演出于,吉祥茶园
李敬山,演出于,吉祥园
李敬山,演出于,吉祥园双庆社
李敬山,演出于,同乐园松庆社
李敬山,演出于,同乐茶园
李敬山,演出于,春仙茶园
李敬山,演出于,燕喜茶园
荣长亮,演出于,三庆园
陈春太,演出于,三庆园
张春芳,演出于,三庆园
姚玉芙,演出于,三庆园
姚玉芙,演出于,吉祥园
姚玉芙,演出于,吉祥园双庆社
姚玉芙,演出于,消闲友会
刘鹤亭,演出于,三庆园
刘鹤亭,演出于,广和楼
崔幼春,演出于,三庆园
崔幼春,演出于,吉祥舞台
崔幼春,演出于,庆乐茶园
张荣奎,演出于,三庆园
张荣奎,演出于,牡丹园春庆社
张荣奎,演出于,文明茶园
张荣奎,演出于,吉祥园
张荣奎,演出于,同乐茶园
张荣奎,演出于,庆乐园
张荣奎,演出于,庆乐茶园
张荣奎,演出于,春仙茶园
林春竹,演出于,三庆园
林春竹,演出于,广兴茶园
刘春立,演出于,三庆园
刘春立,演出于,中和戏院
王昆山,演出于,三庆园
王昆山,演出于,庆乐园
万宝奎,演出于,三庆园
诸如香,演出于,三庆园
诸如香,演出于,中和戏院
诸如香,演出于,华乐园
诸如香,演出于,文明茶园
诸如香,演出于,吉祥茶园
诸如香,演出于,吉祥园双庆社
诸如香,演出于,吉祥园
诸如香,演出于,吉祥大戏院
诸如香,演出于,吉祥戏院
诸如香,演出于,庆乐茶园
诸如香,演出于,第一舞台
诸如香,演出于,景泰茶园
诸如香,演出于,新新大戏院
诸如香,演出于,消闲友会
德珺如,演出于,三庆园
德珺如,演出于,大舞台
德珺如,演出于,广和楼
德珺如,演出于,中华舞台
德珺如,演出于,开明戏院
德珺如,演出于,庆乐园
德珺如,演出于,第一舞台
德珺如,演出于,景泰茶园
张文斌,演出于,三庆园
张文斌,演出于,丹桂茶园
张文斌,演出于,牡丹园春庆社
张文斌,演出于,华乐园
张文斌,演出于,文明茶园
张文斌,演出于,同乐茶园
张文斌,演出于,庆乐园
张文斌,演出于,庆乐茶园
张文斌,演出于,第一舞台
周春亭,演出于,三庆园
周春亭,演出于,吉祥大戏院
周春亭,演出于,第一舞台
周春亭,演出于,新新大戏院
周瑞安,演出于,三庆园
周瑞安,演出于,广和楼
周瑞安,演出于,中和戏院
周瑞安,演出于,丹桂茶园
周瑞安,演出于,吉祥大戏院
周瑞安,演出于,庆升园
周瑞安,演出于,春仙茶园
周瑞安,演出于,第一舞台
周瑞安,演出于,新新大戏院
陈玉林,演出于,三庆园
陈玉林,演出于,吉祥园
陈玉林,演出于,吉祥园双庆社
陈玉林,演出于,第一舞台
尚小云,演出于,三庆园
尚小云,演出于,中和戏院
尚小云,演出于,中和大戏院
尚小云,演出于,华乐戏院
尚小云,演出于,开明戏院
尚小云,演出于,长安大戏院
尚小云,演出于,长安戏院
尚小云,演出于,民乐茶园
尚小云,演出于,吉祥戏院
尚小云,演出于,吉祥大戏院
尚小云,演出于,庆乐园
尚小云,演出于,庆乐茶园
尚小云,演出于,第一舞台
尚小云,演出于,新新戏院
尚小云,演出于,消闲友会
罗文奎,演出于,三庆园
罗文奎,演出于,中和戏院
罗文奎,演出于,华乐园
罗文奎,演出于,吉祥园双庆社
罗文奎,演出于,吉祥园
罗文奎,演出于,吉祥大戏院
罗文奎,演出于,庆乐茶园
罗文奎,演出于,庆乐戏院
罗文奎,演出于,哈尔飞戏院
龚云甫,演出于,三庆园
龚云甫,演出于,广和楼
龚云甫,演出于,同乐园松庆社
龚云甫,演出于,庆乐园
龚云甫,演出于,庆乐茶园
龚云甫,演出于,春仙茶园
龚云甫,演出于,景泰茶园
郝寿臣,演出于,三庆园
郝寿臣,演出于,中和戏院
郝寿臣,演出于,天乐茶园
郝寿臣,演出于,华乐园
郝寿臣,演出于,长安大戏院
郝寿臣,演出于,吉祥大戏院
郝寿臣,演出于,同乐园松庆社
郝寿臣,演出于,庆乐园
郝寿臣,演出于,庆乐茶园
郝寿臣,演出于,哈尔飞戏院
郝寿臣,演出于,第一舞台
郝寿臣,演出于,新新戏院
郝寿臣,演出于,消闲友会
王又宸,演出于,三庆园
王又宸,演出于,中和戏院
王又宸,演出于,华乐戏院
王又宸,演出于,文明茶园
王又宸,演出于,庆乐园
王又宸,演出于,庆乐茶园
王又宸,演出于,哈尔飞戏院
董俊峯,演出于,三庆园
董俊峯,演出于,庆乐园
钱宝奎,演出于,三庆园
律佩芳,演出于,三庆园
律佩芳,演出于,牡丹园春庆社
律佩芳,演出于,华乐园
律佩芳,演出于,长安大戏院
律佩芳,演出于,吉祥大戏院
律佩芳,演出于,吉祥茶园
律佩芳,演出于,庆乐茶园
律佩芳,演出于,哈尔飞戏院
律佩芳,演出于,新新大戏院
律佩芳,演出于,消闲友会
雷喜福,演出于,三庆园
雷喜福,演出于,广和楼
雷喜福,演出于,中和戏院
雷喜福,演出于,消闲友会
陆金桂,演出于,三庆园
陆金桂,演出于,大舞台
陆金桂,演出于,广和楼
陆金桂,演出于,天乐茶园
陆金桂,演出于,文明茶园
陆金桂,演出于,景泰茶园
陈文启,演出于,三庆园
陈文启,演出于,文明茶园
陈文启,演出于,吉祥园双庆社
陈文启,演出于,吉祥园
陈文启,演出于,燕舞台
艾云杰,演出于,三庆园
康喜寿,演出于,三庆园
康喜寿,演出于,广德楼
康喜寿,演出于,庆升茶园
康喜寿,演出于,春仙茶园
周喜如,演出于,三庆园
周喜如,演出于,庆升茶园
赵洪庆,演出于,三庆园
艾云飞,演出于,三庆园
艾云飞,演出于,春仙茶园
孙喜云,演出于,三庆园
孙喜云,演出于,广和楼
孙喜云,演出于,丹桂茶园
孙喜云,演出于,庆乐茶园
孙喜云,演出于,春仙茶园
孙喜云,演出于,景泰茶园
孙喜云,演出于,浙江温处助账义务戏
德建堂,演出于,三庆园
德建堂,演出于,大舞台
德建堂,演出于,丹桂茶园
德建堂,演出于,吉祥舞台
德建堂,演出于,春仙茶园
德建堂,演出于,歌舞台
于云鹏,演出于,三庆园
于云鹏,演出于,华乐戏院
于云鹏,演出于,吉祥大戏院
刘景然,演出于,三庆园
刘景然,演出于,大舞台
刘景然,演出于,广和楼
刘景然,演出于,开明戏院
刘景然,演出于,吉祥园双庆社
刘景然,演出于,吉祥园
刘景然,演出于,吉祥茶园
刘景然,演出于,同乐园松庆社
刘景然,演出于,同乐茶园
刘景然,演出于,庆乐园
刘景然,演出于,庆乐茶园
刘景然,演出于,春仙茶园
刘景然,演出于,景泰茶园
沈少田,演出于,三庆园
沈少田,演出于,牡丹园春庆社
闫岚亭,演出于,三庆园
九阵凤,演出于,三庆园
九阵凤,演出于,第一舞台
谭小培,演出于,三庆园
谭小培,演出于,中和戏院
谭小培,演出于,庆升茶园
侯春兰,演出于,三庆园
侯春兰,演出于,广和楼
张春燕,演出于,三庆园
张春燕,演出于,文明茶园
张春燕,演出于,庆乐茶园
瑞德宝,演出于,三庆园
瑞德宝,演出于,广和楼
瑞德宝,演出于,天乐茶园
瑞德宝,演出于,春仙茶园
瑞德宝,演出于,景泰茶园
瑞德宝,演出于,浙江温处助账义务戏
王子石,演出于,三庆园
王子石,演出于,天乐茶园
张某,演出于,三庆园
张黑,演出于,三庆园
张黑,演出于,天乐茶园
张黑,演出于,春仙茶园
李寿山,演出于,三庆园
李寿山,演出于,牡丹园春庆社
李寿山,演出于,文明茶园
李寿山,演出于,吉祥园
李寿山,演出于,吉祥园双庆社
李寿山,演出于,新明剧场
冯惠林,演出于,三庆园
冯惠林,演出于,吉祥园
冯惠林,演出于,景泰茶园
王九龄,演出于,三庆茶园
王九龄,演出于,消闲友会
小寿山,演出于,三庆茶园
小寿山,演出于,吉祥园斌广社
小寿山,演出于,消闲友会
王斌■,演出于,三庆茶园
刘斌宝,演出于,三庆茶园
小玉■,演出于,三庆茶园
小■州,演出于,三庆茶园
王斌珍,演出于,三庆茶园
六六旦,演出于,三庆茶园
二宝红,演出于,三庆茶园
二宝红,演出于,吉祥园斌广社
孟斌海,演出于,三庆茶园
俞少民,演出于,三庆茶园
筱春来,演出于,三庆茶园
小金元,演出于,三庆茶园
小金元,演出于,广兴茶园
小金元,演出于,丹桂茶园
筱云升,演出于,三庆茶园
杨保森,演出于,三庆茶园
小桂花,演出于,三庆茶园
小桂花,演出于,三庆戏院
小桂花,演出于,广德楼
小桂花,演出于,吉祥园斌广社
小桂花,演出于,燕喜堂
小桂花,演出于,消闲友会
小奎官,演出于,三庆茶园
小奎官,演出于,广德楼
小奎官,演出于,吉祥园斌广社
小奎官,演出于,春仙茶园
小奎官,演出于,燕舞台
小奎官,演出于,消闲友会
苏斌太,演出于,三庆茶园
苏斌太,演出于,广德楼
苏斌太,演出于,中和戏院
苏斌太,演出于,开明戏院
苏斌太,演出于,吉祥园斌广社
苏斌太,演出于,哈尔飞戏院
陆凤山,演出于,三庆茶园
小振庭,演出于,三庆茶园
小振庭,演出于,吉祥园双庆社
耿斌福,演出于,三庆茶园
耿斌福,演出于,广德楼
耿斌福,演出于,吉祥园斌广社
耿斌福,演出于,消闲友会
高斌峯,演出于,三庆茶园
高斌峯,演出于,广德楼
韩富信,演出于,三庆茶园
韩富信,演出于,华乐园
姚富才,演出于,三庆茶园
于斌楼,演出于,三庆茶园
俞步兰,演出于,三庆茶园
俞步兰,演出于,广德楼
俞步兰,演出于,哈尔飞戏院
俞步兰,演出于,消闲友会
王斌芬,演出于,三庆茶园
王斌芬,演出于,吉祥园斌广社
王斌芬,演出于,吉祥园双庆社
范斌禄,演出于,三庆茶园
范斌禄,演出于,广德楼
范斌禄,演出于,吉祥大戏院
范斌禄,演出于,哈尔飞戏院
范斌禄,演出于,消闲友会
赵斌忠,演出于,三庆茶园
俞华庭,演出于,三庆茶园
俞华庭,演出于,广德楼
俞华庭,演出于,吉祥园
俞华庭,演出于,吉祥园斌广社
俞华庭,演出于,吉祥园双庆社
俞华庭,演出于,消闲友会
王斌才,演出于,三庆茶园
代斌竹,演出于,三庆茶园
陈斌志,演出于,三庆茶园
李斌祥,演出于,三庆茶园
李斌祥,演出于,广德楼
李斌祥,演出于,哈尔飞戏院
筱菊花,演出于,三庆戏院
筱■花,演出于,三庆戏院
赵艳蓉,演出于,三庆戏院
碧云霞,演出于,三庆戏院
碧彩霞,演出于,三庆戏院
十三妹,演出于,三庆戏院
李筱霞,演出于,三庆戏院
芙蓉花,演出于,三庆戏院
芙蓉花,演出于,同益茶园
花筱仙,演出于,三庆戏院
花云舫,演出于,三庆戏院
刘锡九,演出于,三庆戏院
王万仓,演出于,三庆戏院
李義芬,演出于,三庆戏院
筱活猴,演出于,三庆戏院
王万良,演出于,三庆戏院
张连城,演出于,三庆戏院
王东江,演出于,三庆戏院
赵德广,演出于,三庆戏院
贾玉仁,演出于,三庆戏院
窦邦安,演出于,三庆戏院
碧彩云,演出于,三庆戏院
窦邦平,演出于,三庆戏院
何玉,演出于,三庆戏院
魏凤鸣,演出于,三庆戏院
赵双奎,演出于,三庆戏院
王玉明,演出于,三庆戏院
李澍生,演出于,三庆戏院
李义芬,演出于,三庆戏院
李义芬,演出于,开明戏院
小活猴,演出于,三庆戏院
小活猴,演出于,广德戏院
小活猴,演出于,吉祥茶园
孙月明,演出于,三庆戏院
李顺星,演出于,三庆戏院
李小楼,演出于,三庆戏院
李小楼,演出于,广德楼
花小仙,演出于,三庆戏院
花小仙,演出于,开明戏院
刘连璧,演出于,三庆戏院
刘连璧,演出于,开明戏院
张近朋,演出于,三庆戏院
吴宝纯,演出于,三庆戏院
窦玉策,演出于,三庆戏院
阴秉山,演出于,三庆戏院
宋兰亭,演出于,三庆戏院
李義著,演出于,三庆戏院
李義名,演出于,三庆戏院
王被作,演出于,三庆戏院
王东傑,演出于,三庆戏院
赵德■,演出于,三庆戏院
张■■,演出于,三庆戏院
赵庆嵆,演出于,三庆戏院
李小霞,演出于,三庆戏院
盖明■,演出于,三庆戏院
赵艳霞,演出于,三庆戏院
张小云,演出于,三庆戏院
小菊花,演出于,三庆戏院
小伶花,演出于,三庆戏院
小荷花,演出于,三庆戏院
小荷花,演出于,中和茶园
小荷花,演出于,丹桂茶园
小荷花,演出于,吉祥舞台
小荷花,演出于,庆升园
小荷花,演出于,春仙茶园
小荷花,演出于,燕舞台
小荷花,演出于,堂会义务戏戏单
赵雅蓉,演出于,三庆戏院
蓝明珠,演出于,三庆戏院
赵砚蓉,演出于,三庆戏院
王东波,演出于,三庆戏院
李義廷,演出于,三庆戏院
李筱楼,演出于,三庆戏院
李树生,演出于,三庆戏院
张筱云,演出于,三庆戏院
筱荷花,演出于,三庆戏院
筱活候,演出于,三庆戏院
阴宝山,演出于,三庆戏院
侯玉云,演出于,三庆戏院
成国祯,演出于,三庆戏院
张宝楼,演出于,三庆戏院
小黑■,演出于,三庆戏院
郭文志,演出于,三庆戏院
王万苍,演出于,三庆戏院
张九凤,演出于,三庆戏院
王益芬,演出于,三庆戏院
张小亭,演出于,三庆戏院
张士长,演出于,三庆戏院
张■芬,演出于,三庆戏院
张士成,演出于,三庆戏院
王盛之,演出于,三庆戏院
赵庆奎,演出于,三庆戏院
赵庆奎,演出于,吉祥舞台
花玉楼,演出于,三庆戏院
花玉楼,演出于,庆乐园
筱金霞,演出于,三庆戏院
花艳霞,演出于,三庆戏院
花艳霞,演出于,广德戏院
许奎芳,演出于,三庆戏院
筱金英,演出于,三庆戏院
张云霞,演出于,三庆戏院
厐筱霞,演出于,三庆戏院
郭砚芳,演出于,三庆戏院
筱全霞,演出于,三庆戏院
花砚霞,演出于,三庆戏院
孙凤岗,演出于,三庆戏院
孙凤岗,演出于,广德戏院
周子和,演出于,三庆戏院
王宝珍,演出于,三庆戏院
张献堂,演出于,三庆戏院
刘玉昆,演出于,三庆戏院
王云卿,演出于,三庆戏院
王云卿,演出于,春仙茶园
王云卿,演出于,歌舞台
李洪图,演出于,三庆戏院
朱广志,演出于,三庆戏院
盖云楼,演出于,三庆戏院
金慧■,演出于,三庆戏院
谭振英,演出于,三庆戏院
明日珠,演出于,三庆戏院
明日珠,演出于,广德戏院
花灵芝,演出于,三庆戏院
王瑞兴,演出于,三庆戏院
花月楼,演出于,三庆戏院
花月楼,演出于,广德戏院
■德奎,演出于,三庆戏院
王瑞林,演出于,三庆戏院
王瑞林,演出于,广和楼
梅兰玉,演出于,三庆戏院
喜彩秋,演出于,三庆戏院
马凤兰,演出于,三庆戏院
李义廷,演出于,三庆戏院
李砚廷,演出于,三庆戏院
■树山,演出于,三庆戏院
刘庆宝,演出于,三庆戏院
黄金祥,演出于,三庆戏院
喜彩芬,演出于,三庆戏院
郭宝玉,演出于,三庆戏院
李厚怡,演出于,三庆戏院
赵德海,演出于,三庆戏院
芭兰花,演出于,三庆戏院
金慧舫,演出于,三庆戏院
金慧舫,演出于,广德戏院
钟庆亮,演出于,三庆戏院
许富龄,演出于,三庆戏院
郭■玉,演出于,三庆戏院
刘庆生,演出于,三庆戏院
明月珠,演出于,三庆戏院
李孚怡,演出于,三庆戏院
■里壤,演出于,三庆戏院
喜彩兰,演出于,三庆戏院
梅兰花,演出于,三庆戏院
赵凤宝,演出于,三庆戏院
赵凤珍,演出于,三庆戏院
王福安,演出于,三庆戏院
张仲玉,演出于,三庆戏院
碧鸣舞,演出于,三庆戏院
鸿小英,演出于,三庆戏院
鸿艳樵,演出于,三庆戏院
俞菊樵,演出于,三庆戏院
碧凤霞,演出于,三庆戏院
芦树山,演出于,三庆戏院
全班合演,演出于,大舞台
全班合演,演出于,广兴茶园
全班合演,演出于,广和楼
全班合演,演出于,中和茶园
全班合演,演出于,丹桂茶园
全班合演,演出于,天乐茶园
全班合演,演出于,文明茶园
全班合演,演出于,东庆茶园
全班合演,演出于,吉祥茶园
全班合演,演出于,吉祥园
全班合演,演出于,吉祥大戏院
全班合演,演出于,吉祥舞台
全班合演,演出于,同乐园松庆社
全班合演,演出于,同益茶园
全班合演,演出于,庆升茶园
全班合演,演出于,庆乐茶园
全班合演,演出于,庆乐戏院
全班合演,演出于,西安园
全班合演,演出于,春仙茶园
全班合演,演出于,第一舞台
全班合演,演出于,景泰茶园
全班合演,演出于,新明剧场
全班合演,演出于,新新戏院
全班合演,演出于,福寿堂
全班合演,演出于,德泉戏园
全班合演,演出于,燕喜茶园
全班合演,演出于,燕喜堂
全班合演,演出于,消闲友会
全班合演,演出于,堂会义务戏戏单
福小田,演出于,大舞台
福小田,演出于,丹桂茶园
福小田,演出于,牡丹园春庆社
福小田,演出于,天乐茶园
福小田,演出于,文明茶园
福小田,演出于,吉祥茶园
福小田,演出于,同乐园松庆社
福小田,演出于,同乐茶园
朱德福,演出于,大舞台
朱德福,演出于,文明茶园
朱德福,演出于,吉祥园双庆社
朱德福,演出于,春仙茶园
钱文卿,演出于,大舞台
钱文卿,演出于,文明茶园
吴彩云,演出于,大舞台
吴彩云,演出于,吉祥园
九阵风,演出于,大舞台
九阵风,演出于,广和楼
九阵风,演出于,中和戏院
九阵风,演出于,文明茶园
九阵风,演出于,西安园
九阵风,演出于,景泰茶园
八仙旦,演出于,大舞台
八仙旦,演出于,庆升园
八仙旦,演出于,春仙茶园
八仙旦,演出于,景泰茶园
朱玉康,演出于,大舞台
朱玉康,演出于,丹桂茶园
杨孝芳,演出于,大舞台
杨孝芳,演出于,春仙茶园
方宝奎,演出于,大舞台
方宝奎,演出于,丹桂茶园
方宝奎,演出于,同乐园松庆社
方宝奎,演出于,庆乐园
方宝奎,演出于,庆乐茶园
方宝奎,演出于,春仙茶园
杨小朵,演出于,大舞台
杨小朵,演出于,丹桂茶园
杨小朵,演出于,春仙茶园
张毓庭,演出于,大舞台
朱幼芬,演出于,大舞台
朱幼芬,演出于,春仙茶园
朱幼芬,演出于,第一舞台
路三宝,演出于,大舞台
路三宝,演出于,天乐茶园
路三宝,演出于,吉祥园
路三宝,演出于,吉祥园双庆社
路三宝,演出于,景泰茶园
李春来,演出于,大舞台
李春来,演出于,丹桂茶园
沈杰林,演出于,大舞台
沈杰林,演出于,中和戏院
沈杰林,演出于,天乐茶园
沈杰林,演出于,长安大戏院
沈杰林,演出于,吉祥园
沈杰林,演出于,景泰茶园
张喜华,演出于,大舞台
张喜华,演出于,景泰茶园
何佩亭,演出于,大舞台
何佩亭,演出于,广和楼
何佩亭,演出于,文明茶园
何佩亭,演出于,吉祥园
郎德山,演出于,大舞台
郎德山,演出于,丹桂茶园
陆凤琴,演出于,大舞台
陆凤琴,演出于,广和楼
陆凤琴,演出于,吉祥大戏院
陆凤琴,演出于,吉祥茶园
陆凤琴,演出于,春仙茶园
陆凤琴,演出于,景泰茶园
杨翠凤,演出于,广乐茶园
杨翠凤,演出于,中和茶园
杨翠凤,演出于,庆升茶园
杨喜凤,演出于,广乐茶园
金凤琴,演出于,广乐茶园
律喜云,演出于,广乐茶园
律喜云,演出于,广德楼
律喜云,演出于,庆升茶园
李静云,演出于,广乐茶园
陈鸿寿,演出于,广乐茶园
陈鸿寿,演出于,吉祥茶园
陈鸿寿,演出于,吉祥园
小老虎,演出于,广乐茶园
小老虎,演出于,文明茶园
小老虎,演出于,吉祥茶园
小老虎,演出于,吉祥园
小老虎,演出于,西安园
小老虎,演出于,景泰茶园
小老虎,演出于,浙江温处助账义务戏
喜如,演出于,广乐茶园
喜如,演出于,春仙茶园
喜奎,演出于,广乐茶园
喜奎,演出于,春仙茶园
喜增,演出于,广乐茶园
喜增,演出于,春仙茶园
红菊芬,演出于,广乐茶园
谷金凤,演出于,广乐茶园
沈玉秋,演出于,广乐茶园
沈玉秋,演出于,丹桂茶园
沈玉秋,演出于,庆升园
沈玉秋,演出于,春仙茶园
小花猴,演出于,广乐茶园
小花猴,演出于,吉祥茶园
小花猴,演出于,吉祥园
小花猴,演出于,西安园
小花猴,演出于,春仙茶园
小小朵,演出于,广乐茶园
小小朵,演出于,天乐茶园
小小朵,演出于,文明茶园
小小朵,演出于,吉祥茶园
小瑞子,演出于,广乐茶园
小瑞子,演出于,吉祥茶园
小瑞子,演出于,歌舞台
小福喜,演出于,广乐茶园
小福喜,演出于,广兴茶园
小福喜,演出于,春仙茶园
方德奎,演出于,广乐茶园
方德奎,演出于,广兴茶园
方德奎,演出于,春仙茶园
诸茹香,演出于,广乐茶园
诸茹香,演出于,开明戏院
诸茹香,演出于,文明茶园
诸茹香,演出于,吉祥大戏院
诸茹香,演出于,春仙茶园
小筱朵,演出于,广乐茶园
周喜增,演出于,广乐茶园
周喜增,演出于,广德楼
周喜增,演出于,庆升茶园
周喜茹,演出于,广乐茶园
周喜茹,演出于,广德楼
小紫云,演出于,广乐茶园
小紫云,演出于,德泉戏园
刘翠喜,演出于,广乐茶园
刘翠喜,演出于,乐舞台
刘翠喜,演出于,福寿堂
陈洪寿,演出于,广乐茶园
陈洪寿,演出于,吉祥园
李凤楼,演出于,广乐茶园
全奎官,演出于,广乐茶园
全奎官,演出于,吉祥茶园
全奎官,演出于,吉祥园
全奎官,演出于,西安园
全奎官,演出于,春仙茶园
胖奎子,演出于,广乐茶园
胖奎子,演出于,吉祥园
玉娃娃,演出于,广乐茶园
玉娃娃,演出于,西安园
一斗金,演出于,广乐茶园
小春来,演出于,广乐茶园
小春来,演出于,文明茶园
小春来,演出于,吉祥茶园
小春来,演出于,吉祥园
小春来,演出于,春仙茶园
小春来,演出于,燕喜茶园
小春来,演出于,燕喜堂
刘宝峰,演出于,广乐茶园
刘宝峰,演出于,吉祥茶园
刘宝峰,演出于,吉祥园
刘宝峰,演出于,西安园
小桂芬,演出于,广乐茶园
小桂芬,演出于,广德楼
小桂芬,演出于,乐舞台
小桂芬,演出于,春仙茶园
小桂芬,演出于,消闲友会
杨玉楼,演出于,广乐茶园
杨玉楼,演出于,广德楼
杨玉楼,演出于,吉祥茶园
杨玉楼,演出于,吉祥园
杨玉楼,演出于,第一舞台
吴铁巷,演出于,广乐茶园
小福元,演出于,广乐茶园
小福元,演出于,吉祥茶园
小福元,演出于,吉祥园
小福元,演出于,西安园
小福元,演出于,春仙茶园
双燕飞,演出于,广乐茶园
大翠红,演出于,广乐茶园
金小芬,演出于,广乐茶园
王桂红,演出于,广乐茶园
王桂红,演出于,文明茶园
王桂红,演出于,乐舞台
金桂喜,演出于,广乐茶园
金桂芬,演出于,广乐茶园
金桂芬,演出于,广德楼
金桂芬,演出于,庆乐园
金桂芬,演出于,第一舞台
三麻子,演出于,广乐茶园
三麻子,演出于,吉祥茶园
三麻子,演出于,吉祥园
三麻子,演出于,春仙茶园
三麻子,演出于,景泰茶园
满洪保,演出于,广乐茶园
满洪保,演出于,春仙茶园
十三旦,演出于,广乐茶园
十三旦,演出于,广德楼
十三旦,演出于,丹桂茶园
十三旦,演出于,春仙茶园
熊点魁,演出于,广乐茶园
小小十三旦,演出于,广乐茶园
杨玉静,演出于,广乐茶园
一盏灯,演出于,广乐茶园
一盏灯,演出于,吉祥茶园
一盏灯,演出于,吉祥园
十二红,演出于,广乐茶园
十二红,演出于,广兴茶园
十二红,演出于,广德楼
十二红,演出于,乐舞台
十二红,演出于,春仙茶园
十二红,演出于,景泰茶园
十二红,演出于,浙江温处助账义务戏
盖陕西,演出于,广乐茶园
盖陕西,演出于,广兴茶园
薛俊甫,演出于,广乐茶园
薛俊甫,演出于,广兴茶园
薛俊甫,演出于,吉祥舞台
薛俊甫,演出于,歌舞台
薛俊甫,演出于,燕舞台
全武行,演出于,广乐茶园
全武行,演出于,广兴茶园
全武行,演出于,广和楼
全武行,演出于,广德楼
全武行,演出于,中华舞台
全武行,演出于,中和茶园
全武行,演出于,中和戏院
全武行,演出于,升平茶园
全武行,演出于,天乐茶园
全武行,演出于,华乐园
全武行,演出于,华乐戏院
全武行,演出于,开明戏院
全武行,演出于,文明茶园
全武行,演出于,乐舞台
全武行,演出于,吉祥大戏院
全武行,演出于,吉祥园双庆社
全武行,演出于,吉祥舞台
全武行,演出于,同乐茶园
全武行,演出于,同益茶园
全武行,演出于,庆升茶园
全武行,演出于,庆升园
全武行,演出于,庆乐茶园
全武行,演出于,庆乐园
全武行,演出于,庆乐戏园
全武行,演出于,庆乐戏院
全武行,演出于,西安园
全武行,演出于,哈尔飞戏院
全武行,演出于,春仙茶园
全武行,演出于,景泰茶园
全武行,演出于,新新戏院
全武行,演出于,歌舞台
全武行,演出于,魁华舞台
全武行,演出于,燕喜堂
全武行,演出于,燕舞台
全武行,演出于,消闲友会
全武行,演出于,堂会义务戏戏单
小玉卿,演出于,广兴茶园
小玉林,演出于,广兴茶园
李俊臣,演出于,广兴茶园
李俊臣,演出于,丹桂茶园
李俊臣,演出于,春仙茶园
朱殿卿,演出于,广兴茶园
王廷斌,演出于,广兴茶园
王廷斌,演出于,天乐茶园
孙小六,演出于,广兴茶园
孙小六,演出于,丹桂茶园
孙小六,演出于,文明茶园
孙小六,演出于,庆升茶园
钱玉得,演出于,广兴茶园
一千红,演出于,广兴茶园
一千红,演出于,丹桂茶园
一千红,演出于,春仙茶园
一千红,演出于,歌舞台
刘羲增,演出于,广兴茶园
刘羲增,演出于,歌舞台
刘羲增,演出于,燕喜茶园
冯黑灯,演出于,广兴茶园
冯黑灯,演出于,春仙茶园
董福熊,演出于,广兴茶园
陈玉森,演出于,广兴茶园
杜元庆,演出于,广兴茶园
杜元庆,演出于,歌舞台
李灵芝,演出于,广兴茶园
冰糖翠,演出于,广兴茶园
冰糖翠,演出于,丹桂茶园
冰糖翠,演出于,庆升园
马七十,演出于,广兴茶园
崔灵芝,演出于,广兴茶园
崔灵芝,演出于,丹桂茶园
崔灵芝,演出于,庆升园
崔灵芝,演出于,春仙茶园
崔灵芝,演出于,歌舞台
马全禄,演出于,广兴茶园
马全禄,演出于,丹桂茶园
马全禄,演出于,歌舞台
十三红,演出于,广兴茶园
十三红,演出于,丹桂茶园
于德芳,演出于,广兴茶园
于德芳,演出于,丹桂茶园
于德芳,演出于,吉祥舞台
于德芳,演出于,春仙茶园
于德芳,演出于,歌舞台
于德芳,演出于,燕舞台
麻穆子,演出于,广兴茶园
麻穆子,演出于,中华舞台
麻穆子,演出于,春仙茶园
李文瑞,演出于,广兴茶园
小旋风,演出于,广兴茶园
小旋风,演出于,广德楼
小旋风,演出于,春仙茶园
范来顺,演出于,广兴茶园
郭宝臣,演出于,广兴茶园
小金香,演出于,广兴茶园
小金香,演出于,中和茶园
小金香,演出于,福寿堂
小金香,演出于,燕喜茶园
小金香,演出于,燕喜堂
马少山,演出于,广兴茶园
于惠,演出于,广兴茶园
于惠,演出于,丹桂茶园
于惠,演出于,庆升园
于惠,演出于,春仙茶园
于惠,演出于,燕舞台
赵燕飞,演出于,广兴茶园
勾顺亮,演出于,广兴茶园
勾顺亮,演出于,歌舞台
八百黑,演出于,广兴茶园
八百黑,演出于,丹桂茶园
八百黑,演出于,春仙茶园
全社合演,演出于,广兴茶园
全社合演,演出于,文明茶园
全社合演,演出于,吉祥园双庆社
全社合演,演出于,消闲友会
杨翠喜,演出于,广兴茶园
杨翠玉,演出于,广兴茶园
刘隐云,演出于,广兴茶园
李金奎,演出于,广兴茶园
马素珍,演出于,广兴茶园
马素珍,演出于,第一舞台
王■秋,演出于,广兴茶园
金红霞,演出于,广兴茶园
小金翠,演出于,广兴茶园
小金翠,演出于,乐舞台
小金翠,演出于,庆升茶园
小金翠,演出于,春仙茶园
小金翠,演出于,第一舞台
小金翠,演出于,德泉戏园
小金翠,演出于,燕喜茶园
小金翠,演出于,燕喜堂
小黑翠,演出于,广兴茶园
金翠仙,演出于,广兴茶园
金翠仙,演出于,燕喜堂
金秀峰,演出于,广兴茶园
金秀峰,演出于,第一舞台
明月珍,演出于,广兴茶园
明月珍,演出于,广和楼
明月珍,演出于,中和茶园
明月珍,演出于,乐舞台
明月珍,演出于,春仙茶园
明月珍,演出于,第一舞台
明月珍,演出于,福寿堂
小桂红,演出于,广兴茶园
小桂红,演出于,中和茶园
小桂红,演出于,天和茶园
小桂红,演出于,乐舞台
小桂红,演出于,第一舞台
金玉琴,演出于,广兴茶园
牛兰芬,演出于,广兴茶园
牛兰芬,演出于,广德楼
小翠凤,演出于,广兴茶园
小翠凤,演出于,中和茶园
小翠凤,演出于,第一舞台
李鑫樵,演出于,广兴茶园
李鑫樵,演出于,吉祥茶园
李鑫樵,演出于,魁华舞台
李鑫樵,演出于,燕喜堂
李鑫樵,演出于,燕舞台
白福山,演出于,广和楼
王瑞森,演出于,广和楼
小占,演出于,广和楼
韦■峰,演出于,广和楼
锡阔山,演出于,广和楼
玉平,演出于,广和楼
李瑞林,演出于,广和楼
李瑞林,演出于,天乐茶园
李瑞林,演出于,景泰茶园
金秀山,演出于,广和楼
金秀山,演出于,春仙茶园
金秀山,演出于,景泰茶园
金仲林,演出于,广和楼
金仲林,演出于,景泰茶园
金少山,演出于,广和楼
金少山,演出于,文明茶园
金少山,演出于,吉祥园
金少山,演出于,春仙茶园
金少山,演出于,第一舞台
金少山,演出于,景泰茶园
金少山,演出于,新新大戏院
姚佩秋,演出于,广和楼
姚佩秋,演出于,庆升茶园
姚佩兰,演出于,广和楼
路凤琴,演出于,广和楼
萧长华,演出于,广和楼
萧长华,演出于,中和戏院
萧长华,演出于,中和大戏院
萧长华,演出于,吉祥大戏院
萧长华,演出于,庆升茶园
萧长华,演出于,第一舞台
萧长华,演出于,新新戏院
萧长华,演出于,消闲友会
闫兰亭,演出于,广和楼
闫兰亭,演出于,同乐园松庆社
刘顺亭,演出于,广和楼
朱幼分,演出于,广和楼
张玉峰,演出于,广和楼
张玉峰,演出于,天乐茶园
张玉峰,演出于,吉祥舞台
张玉峰,演出于,景泰茶园
张玉峰,演出于,歌舞台
张玉峰,演出于,燕舞台
梅荣齐,演出于,广和楼
刘鸿升,演出于,广和楼
刘鸿升,演出于,文明茶园
刘鸿升,演出于,第一舞台
文荣寿,演出于,广和楼
文荣寿,演出于,中华舞台
文荣寿,演出于,景泰茶园
朱天祥,演出于,广和楼
朱天祥,演出于,文明茶园
朱天祥,演出于,吉祥园
黄润浦,演出于,广和楼
黄润浦,演出于,春仙茶园
傅少山,演出于,广和楼
沈全奎,演出于,广和楼
沈全奎,演出于,庆升茶园
陈文起,演出于,广和楼
张宝芳,演出于,广和楼
张宝芳,演出于,天乐茶园
张宝芳,演出于,景泰茶园
张春山,演出于,广和楼
张春山,演出于,文明茶园
张春山,演出于,吉祥园
张春山,演出于,吉祥舞台
张春山,演出于,歌舞台
张春山,演出于,燕舞台
张玉平,演出于,广和楼
洛凤琴,演出于,广和楼
陆金贵,演出于,广和楼
小永春,演出于,广和楼
小永春,演出于,丹桂茶园
小永春,演出于,天乐茶园
小永春,演出于,春仙茶园
小永春,演出于,景泰茶园
小永春,演出于,消闲友会
普世亨,演出于,广和楼
普世亨,演出于,景泰茶园
刘兰芝,演出于,广和楼
刘兰芝,演出于,中和茶园
金凤奎,演出于,广和楼
金凤奎,演出于,中和茶园
金凤奎,演出于,燕喜堂
小艳芳,演出于,广和楼
小艳芳,演出于,春仙茶园
王小宝,演出于,广和楼
张玉仙,演出于,广和楼
金刚钻,演出于,广和楼
金刚钻,演出于,中和茶园
金香玉,演出于,广和楼
金香玉,演出于,广德楼
金香玉,演出于,中和茶园
金香玉,演出于,丹桂茶园
金香玉,演出于,西安园
金香玉,演出于,歌舞台
金香玉,演出于,福寿堂
陈巧玉,演出于,广和楼
张金红,演出于,广和楼
张金红,演出于,福寿堂
金月仙,演出于,广和楼
金月仙,演出于,中和茶园
金月仙,演出于,升平茶园
金月仙,演出于,文明茶园
金月仙,演出于,乐舞台
金月仙,演出于,第一舞台
金月仙,演出于,燕喜堂
金月仙,演出于,堂会义务戏戏单
小润仙,演出于,广和楼
小润仙,演出于,春仙茶园
小润仙,演出于,德泉戏园
小润仙,演出于,燕喜堂
小润仙,演出于,燕喜茶园
小■处,演出于,广和楼
金凤仙,演出于,广和楼
金凤仙,演出于,春仙茶园
金凤仙,演出于,燕喜堂
何翠云,演出于,广和楼
何翠云,演出于,福寿堂
金翠玉,演出于,广和楼
金翠玉,演出于,福寿堂
孙二清,演出于,广和楼
筱菊芬,演出于,广和楼
小金宝,演出于,广和楼
小金宝,演出于,乐舞台
小金宝,演出于,春仙茶园
路宝山,演出于,广和楼
王福寿,演出于,广和楼
连月亭,演出于,广和楼
刘顺奎,演出于,广和楼
刘顺奎,演出于,庆乐戏院
刘顺奎,演出于,景泰茶园
王秀云,演出于,广和楼
王秀云,演出于,文明茶园
王秀云,演出于,吉祥园
杨长喜,演出于,广和楼
杨长喜,演出于,丹桂茶园
杨长喜,演出于,吉祥园双庆社
杨长喜,演出于,吉祥园
杨长喜,演出于,同乐茶园
杨长喜,演出于,庆乐园
杨长喜,演出于,庆乐茶园
杨长喜,演出于,春仙茶园
陆宝山,演出于,广和楼
岳春林,演出于,广和楼
岳春林,演出于,文明茶园
何蕊香,演出于,广和楼
张玉柱,演出于,广和楼
占正亭,演出于,广和楼
占正亭,演出于,庆升茶园
常俊亭,演出于,广和楼
沈华轩,演出于,广和楼
沈华轩,演出于,丹桂茶园
沈华轩,演出于,牡丹园春庆社
沈华轩,演出于,同乐茶园
沈华轩,演出于,庆乐园
沈华轩,演出于,庆乐茶园
沈华轩,演出于,新明剧场
刘盛道,演出于,广和楼
刘盛道,演出于,消闲友会
刘盛常,演出于,广和楼
刘盛常,演出于,广和戏院
刘盛常,演出于,开明戏院
刘盛常,演出于,庆乐戏院
刘盛常,演出于,哈尔飞戏院
刘盛常,演出于,新新戏院
刘盛通,演出于,广和楼
刘盛通,演出于,中和大戏院
刘盛通,演出于,开明戏院
刘盛通,演出于,吉祥大戏院
刘盛通,演出于,庆乐戏院
刘盛通,演出于,哈尔飞戏院
徐盛达,演出于,广和楼
苏富恩,演出于,广和楼
苏富恩,演出于,中和大戏院
苏富恩,演出于,开明戏院
苏富恩,演出于,吉祥大戏院
苏富恩,演出于,消闲友会
沈富贵,演出于,广和楼
沈富贵,演出于,中和戏院
沈富贵,演出于,华乐戏院
沈富贵,演出于,消闲友会
刘连荣,演出于,广和楼
刘连荣,演出于,中和戏院
刘连荣,演出于,华乐园
刘连荣,演出于,第一舞台
刘连荣,演出于,新新戏院
刘连荣,演出于,消闲友会
樊富顺,演出于,广和楼
宋富亭,演出于,广和楼
宋富亭,演出于,华乐戏院
宋富亭,演出于,消闲友会
杨富业,演出于,广和楼
陈富芳,演出于,广和楼
庆富馀,演出于,广和楼
王富祥,演出于,广和楼
王富祥,演出于,消闲友会
钰盛玺,演出于,广和楼
关盛明,演出于,广和楼
孙盛文,演出于,广和楼
孙盛文,演出于,中和戏院
孙盛文,演出于,中和大戏院
孙盛文,演出于,华乐戏院
孙盛文,演出于,开明戏院
孙盛文,演出于,长安大戏院
孙盛文,演出于,长安戏院
孙盛文,演出于,吉祥戏院
孙盛文,演出于,吉祥大戏院
孙盛文,演出于,庆乐戏院
孙盛文,演出于,哈尔飞戏院
孙盛文,演出于,新新戏院
孙盛文,演出于,消闲友会
赵盛璧,演出于,广和楼
赵盛璧,演出于,广德楼
李盛佐,演出于,广和楼
李盛佐,演出于,华乐戏院
李盛佐,演出于,吉祥大戏院
黄盛仲,演出于,广和楼
李盛荫,演出于,广和楼
李盛荫,演出于,消闲友会
叶盛章,演出于,广和楼
叶盛章,演出于,华乐戏院
叶盛章,演出于,新新戏院
叶盛章,演出于,消闲友会
谭盛英,演出于,广和楼
谭盛英,演出于,华乐戏院
谭盛英,演出于,消闲友会
李盛才,演出于,广和楼
韩盛秀,演出于,广和楼
韩盛信,演出于,广和楼
韩盛信,演出于,中和大戏院
韩盛信,演出于,中和戏院
韩盛信,演出于,华乐戏院
韩盛信,演出于,开明戏院
韩盛信,演出于,吉祥大戏院
韩盛信,演出于,庆乐戏院
韩盛信,演出于,第一舞台
张盛侯,演出于,广和楼
金喜棠,演出于,广和楼
萧连芳,演出于,广和楼
七岁丑,演出于,广和楼
七岁丑,演出于,消闲友会
王连奎,演出于,广和楼
王连奎,演出于,广德楼
王连奎,演出于,中和戏院
王连奎,演出于,华乐戏院
王连奎,演出于,开明戏院
王连奎,演出于,哈尔飞戏院
陈盛荪,演出于,广和楼
陈盛荪,演出于,华乐戏院
陈盛荪,演出于,开明戏院
陈盛荪,演出于,庆乐戏院
陈盛荪,演出于,哈尔飞戏院
陈盛荪,演出于,消闲友会
笑儿观,演出于,广和楼
笑儿观,演出于,开明戏院
朱盛凌,演出于,广和楼
许盛奎,演出于,广和楼
许盛奎,演出于,华乐戏院
许盛奎,演出于,消闲友会
陈盛孙,演出于,广和楼
陈盛孙,演出于,消闲友会
王盛意,演出于,广和楼
王盛意,演出于,中和戏院
王盛意,演出于,开明戏院
王盛意,演出于,长安大戏院
王盛意,演出于,吉祥大戏院
王盛意,演出于,哈尔飞戏院
王盛意,演出于,第一舞台
王盛意,演出于,消闲友会
仲盛珍,演出于,广和楼
仲盛珍,演出于,消闲友会
王盛涛,演出于,广和楼
王盛涛,演出于,消闲友会
陈盛泰,演出于,广和楼
陈盛泰,演出于,广和戏院
陈盛泰,演出于,开明戏院
陈盛泰,演出于,吉祥大戏院
陈盛泰,演出于,庆乐戏院
陈盛泰,演出于,哈尔飞戏院
陈盛泰,演出于,消闲友会
苏盛辙,演出于,广和楼
孙盛武,演出于,广和楼
孙盛武,演出于,中和戏院
孙盛武,演出于,中和大戏院
孙盛武,演出于,华乐戏院
孙盛武,演出于,长安大戏院
孙盛武,演出于,长安戏院
孙盛武,演出于,吉祥戏院
孙盛武,演出于,庆乐戏院
孙盛武,演出于,第一舞台
孙盛武,演出于,新新戏院
孙盛武,演出于,消闲友会
苏盛贵,演出于,广和楼
苏盛贵,演出于,华乐戏院
苏盛贵,演出于,消闲友会
李盛藻,演出于,广和楼
李盛藻,演出于,开明戏院
李盛藻,演出于,庆乐戏院
李盛藻,演出于,新新戏院
李盛藻,演出于,消闲友会
萧盛瑞,演出于,广和楼
徐盛昌,演出于,广和楼
骆连翔,演出于,广和楼
骆连翔,演出于,华乐戏院
骆连翔,演出于,吉祥大戏院
骆连翔,演出于,消闲友会
范富喜,演出于,广和楼
范富喜,演出于,长安大戏院
范富喜,演出于,吉祥大戏院
范富喜,演出于,哈尔飞戏院
范富喜,演出于,消闲友会
张连宝,演出于,广和楼
张连宝,演出于,华乐戏院
段富环,演出于,广和楼
冯富昆,演出于,广和楼
杨富茂,演出于,广和楼
郑盛厚,演出于,广和楼
王盛海,演出于,广和楼
王盛海,演出于,消闲友会
王盛芝,演出于,广和楼
普盛爱,演出于,广和楼
何盛清,演出于,广和楼
何盛清,演出于,广和戏院
何盛清,演出于,中和戏院
何盛清,演出于,中和大戏院
何盛清,演出于,开明戏院
何盛清,演出于,长安大戏院
何盛清,演出于,吉祥大戏院
何盛清,演出于,庆乐戏院
何盛清,演出于,哈尔飞戏院
李盛佑,演出于,广和楼
穆盛楼,演出于,广和楼
闫喜林,演出于,广和楼
王盛如,演出于,广和楼
王盛如,演出于,广德楼
王盛如,演出于,华乐戏院
王盛如,演出于,开明戏院
王盛如,演出于,吉祥大戏院
王盛如,演出于,消闲友会
孙富德,演出于,广和楼
杨盛春,演出于,广和楼
杨盛春,演出于,中和大戏院
杨盛春,演出于,中和戏院
杨盛春,演出于,开明戏院
杨盛春,演出于,吉祥戏院
杨盛春,演出于,吉祥大戏院
杨盛春,演出于,庆乐戏院
杨盛春,演出于,第一舞台
杨盛春,演出于,消闲友会
叶盛茂,演出于,广和楼
叶盛茂,演出于,华乐戏院
杨盛继,演出于,广和楼
南盛山,演出于,广和楼
邱盛月,演出于,广和楼
邱盛月,演出于,消闲友会
郭世诏,演出于,广和楼
徐世光,演出于,广和楼
徐世光,演出于,华乐戏院
王世纲,演出于,广和楼
王世纲,演出于,华乐戏院
王世祥,演出于,广和楼
王世祥,演出于,华乐戏院
冯世宁,演出于,广和楼
冯世宁,演出于,华乐戏院
罗世保,演出于,广和楼
罗世保,演出于,华乐戏院
刘世恒,演出于,广和楼
王世袭,演出于,广和楼
王世袭,演出于,华乐戏院
徐世亮,演出于,广和楼
徐世亮,演出于,华乐戏院
裘世戍,演出于,广和楼
时世宝,演出于,广和楼
时世宝,演出于,华乐戏院
张世桐,演出于,广和楼
张世桐,演出于,广和戏院
张世桐,演出于,华乐戏院
张世桐,演出于,哈尔飞戏院
杨世群,演出于,广和楼
杨世群,演出于,华乐戏院
李世庆,演出于,广和楼
江世升,演出于,广和楼
江世升,演出于,华乐戏院
李世斌,演出于,广和楼
李世斌,演出于,华乐戏院
袁世永,演出于,广和楼
谭世英,演出于,广和楼
谭世英,演出于,华乐戏院
陈世鼎,演出于,广和楼
杨世春,演出于,广和楼
杨世春,演出于,华乐戏院
马世啸,演出于,广和楼
马世啸,演出于,中和大戏院
马世啸,演出于,华乐戏院
马世啸,演出于,吉祥大戏院
高世寿,演出于,广和楼
高世寿,演出于,庆乐戏院
高世寿,演出于,哈尔飞戏院
高世寿,演出于,新新戏院
徐世震,演出于,广和楼
赵世璞,演出于,广和楼
赵世璞,演出于,华乐戏院
叶世长,演出于,广和楼
叶世长,演出于,华乐戏院
李世章,演出于,广和楼
李世章,演出于,华乐戏院
江世玉,演出于,广和楼
江世玉,演出于,华乐戏院
江世玉,演出于,庆乐戏院
江世玉,演出于,哈尔飞戏院
江世玉,演出于,新新戏院
萧盛萱,演出于,广和楼
萧盛萱,演出于,中和戏院
萧盛萱,演出于,华乐戏院
李世？,演出于,广和楼
？世兰,演出于,广和楼
高世泰,演出于,广和楼
毛世来,演出于,广和楼
毛世来,演出于,华乐戏院
毛世来,演出于,新新戏院
张盛馀,演出于,广和楼
张盛馀,演出于,开明戏院
张盛馀,演出于,庆乐戏院
张盛馀,演出于,哈尔飞戏院
？盛宝,演出于,广和楼
袁世海,演出于,广和楼
袁世海,演出于,华乐戏院
袁世海,演出于,庆乐戏院
袁世海,演出于,哈尔飞戏院
袁世海,演出于,消闲友会
张盛利,演出于,广和楼
张盛利,演出于,中和戏院
张盛利,演出于,中和大戏院
张盛利,演出于,华乐戏院
张盛利,演出于,长安戏院
张盛利,演出于,吉祥戏院
张盛利,演出于,庆乐戏院
张盛利,演出于,哈尔飞戏院
张盛？,演出于,广和楼
苏盛轼,演出于,广和楼
苏盛轼,演出于,中和大戏院
苏盛轼,演出于,华乐戏院
苏盛轼,演出于,开明戏院
刘世廷,演出于,广和楼
董盛村,演出于,广和楼
董盛村,演出于,华乐戏院
戴盛来,演出于,广和楼
薛盛忠,演出于,广和楼
鲍盛啟,演出于,广和楼
全盛福,演出于,广和楼
全盛福,演出于,华乐戏院
宋富廷,演出于,广和楼
苏富旭,演出于,广和楼
苏富旭,演出于,华乐戏院
吴世甫,演出于,广和楼
吴世甫,演出于,华乐戏院
赵盛？,演出于,广和楼
刘世亨,演出于,广和楼
刘世亨,演出于,华乐戏院
郭世诒,演出于,广和楼
郭世诒,演出于,华乐戏院
刘世臣,演出于,广和楼
刘世臣,演出于,华乐戏院
罗世宝,演出于,广和楼
罗世宝,演出于,华乐戏院
朱世芬,演出于,广和楼
贾世光,演出于,广和楼
张世蓬,演出于,广和楼
张世蓬,演出于,华乐戏院
王世续,演出于,广和楼
苏世明,演出于,广和楼
苏世明,演出于,华乐戏院
李世琦,演出于,广和楼
李世琦,演出于,华乐戏院
张世孝,演出于,广和楼
张世孝,演出于,华乐戏院
于世文,演出于,广和楼
于世文,演出于,华乐戏院
郭世汾,演出于,广和楼
詹世辅,演出于,广和楼
詹世辅,演出于,中和大戏院
詹世辅,演出于,华乐戏院
詹世辅,演出于,吉祥大戏院
谢世安,演出于,广和楼
谢世安,演出于,华乐戏院
刘世勋,演出于,广和楼
刘世勋,演出于,华乐戏院
王世霞,演出于,广和楼
裘世戎,演出于,广和楼
裘世戎,演出于,华乐戏院
裘世戎,演出于,吉祥大戏院
裘世戎,演出于,新新戏院
迟世尉,演出于,广和楼
迟世尉,演出于,华乐戏院
刘盛汉,演出于,广和楼
刘盛汉,演出于,华乐戏院
陈世权,演出于,广和楼
陈世权,演出于,华乐戏院
赵盛湘,演出于,广和楼
赵盛湘,演出于,消闲友会
费世伟,演出于,广和楼
费世伟,演出于,华乐戏院
沈世超,演出于,广和楼
栢世顺,演出于,广和楼
栢世顺,演出于,华乐戏院
李世润,演出于,广和楼
李世润,演出于,华乐戏院
孙盛云,演出于,广和楼
孙盛云,演出于,中和大戏院
孙盛云,演出于,华乐戏院
孙盛云,演出于,吉祥大戏院
孙盛云,演出于,哈尔飞戏院
徐世霞,演出于,广和楼
李世香,演出于,广和楼
闫世善,演出于,广和楼
闫世善,演出于,中和大戏院
闫世善,演出于,第一舞台
李世芳,演出于,广和楼
李世芳,演出于,华乐戏院
刘世联,演出于,广和楼
姚世茹,演出于,广和楼
姚世茹,演出于,华乐戏院
沙世鑫,演出于,广和楼
沙世鑫,演出于,华乐戏院
贾世福,演出于,广和楼
贾世福,演出于,华乐戏院
艾世瑞,演出于,广和楼
费世威,演出于,广和楼
陆世聚,演出于,广和楼
陆世聚,演出于,华乐戏院
李世睦,演出于,广和楼
李世睦,演出于,华乐戏院
李世林,演出于,广和楼
沈世启,演出于,广和楼
沈世启,演出于,华乐戏院
杜元田,演出于,广和楼
杜元田,演出于,华乐戏院
郭元汾,演出于,广和楼
郭元汾,演出于,华乐戏院
傅世云,演出于,广和楼
傅世云,演出于,华乐戏院
华世丽,演出于,广和楼
茹世园,演出于,广和楼
孙世堃,演出于,广和楼
班世超,演出于,广和楼
班世超,演出于,华乐戏院
徐世宸,演出于,广和楼
徐世宸,演出于,华乐戏院
阎世喜,演出于,广和楼
诸世芬,演出于,广和楼
诸世芬,演出于,华乐戏院
袁世湧,演出于,广和楼
袁世湧,演出于,广和戏院
袁世湧,演出于,中和大戏院
曹世嘉,演出于,广和楼
曹世才,演出于,广和楼
曹世才,演出于,华乐戏院
郭世恩,演出于,广和楼
郭世恩,演出于,华乐戏院
刘世宁,演出于,广和楼
黄元庆,演出于,广和楼
黄元庆,演出于,华乐戏院
王元锡,演出于,广和楼
沈世啟,演出于,广和楼
张世年,演出于,广和楼
张世年,演出于,华乐戏院
朱世业,演出于,广和楼
朱世业,演出于,华乐戏院
黄元钟,演出于,广和楼
黄元钟,演出于,华乐戏院
罗元琨,演出于,广和楼
傅世兰,演出于,广和楼
吴盛宝,演出于,广和楼
吴盛宝,演出于,消闲友会
费世延,演出于,广和楼
高盛虹,演出于,广和楼
高盛虹,演出于,华乐戏院
高盛虹,演出于,开明戏院
徐世和,演出于,广和楼
徐世和,演出于,华乐戏院
刘世亭,演出于,广和楼
刘世亭,演出于,华乐戏院
张世本,演出于,广和楼
俞世龙,演出于,广和楼
俞世龙,演出于,华乐戏院
艾世菊,演出于,广和楼
艾世菊,演出于,中和大戏院
艾世菊,演出于,华乐戏院
郭世钧,演出于,广和楼
郭世钧,演出于,华乐戏院
朱世叶,演出于,广和楼
朱世富,演出于,广和楼
朱世富,演出于,华乐戏院
耿世忠,演出于,广和楼
耿世忠,演出于,华乐戏院
刘世聊,演出于,广和楼
王世昌,演出于,广和楼
王世昌,演出于,华乐戏院
罗世鸣,演出于,广和楼
罗世鸣,演出于,华乐戏院
耿世华,演出于,广和楼
陈世峰,演出于,广和楼
陈世峰,演出于,华乐戏院
诸世芹,演出于,广和楼
诸世芹,演出于,华乐戏院
白元洁,演出于,广和楼
苏世詹,演出于,广和楼
苏世詹,演出于,华乐戏院
陈世新,演出于,广和楼
陈世新,演出于,华乐戏院
王元芝,演出于,广和楼
王元芝,演出于,华乐戏院
高元阜,演出于,广和楼
迟世恭,演出于,广和楼
阎世善,演出于,广和楼
阎世善,演出于,中和戏院
阎世善,演出于,中和大戏院
阎世善,演出于,华乐戏院
阎世善,演出于,哈尔飞戏院
贾世珍,演出于,广和楼
鲍盛启,演出于,广和楼
鲍盛启,演出于,华乐园
鲍盛启,演出于,华乐戏院
马世禄,演出于,广和楼
朱世魁,演出于,广和楼
朱世魁,演出于,华乐戏院
高世太,演出于,广和楼
高世太,演出于,华乐戏院
高世太,演出于,哈尔飞戏院
袁世涌,演出于,广和楼
闫世喜,演出于,广和楼
闫世喜,演出于,华乐戏院
朱世友,演出于,广和楼
陈世鼐,演出于,广和楼
吴胜宝,演出于,广和楼
刘世铭,演出于,广和楼
萧世佑,演出于,广和楼
王世龙,演出于,广和楼
徐世辰,演出于,广和楼
徐世辰,演出于,广和戏院
张盛郡,演出于,广和楼
刘元彤,演出于,广和楼
白元杰,演出于,广和楼
白元杰,演出于,华乐戏院
孙元彬,演出于,广和楼
李元瑞,演出于,广和楼
苏元轼,演出于,广和楼
刘元廷,演出于,广和楼
高元峰,演出于,广和楼
余元海,演出于,广和楼
高元虹,演出于,广和楼
李元宸,演出于,广和楼
李元年,演出于,广和楼
李元睦,演出于,广和楼
曹世珍,演出于,广和楼
哈元璋,演出于,广和楼
赵世濮,演出于,广和楼
赵世濮,演出于,华乐戏院
杨元勳,演出于,广和楼
范元濂,演出于,广和楼
慈■善,演出于,广和楼
钱元通,演出于,广和楼
钱元通,演出于,华乐戏院
卢元仁,演出于,广和楼
张元茹,演出于,广和楼
韩世植,演出于,广和楼
韩世植,演出于,华乐戏院
茹元俊,演出于,广和楼
刘世昆,演出于,广和楼
刘世昆,演出于,华乐戏院
全堂合演,演出于,广和楼
全堂合演,演出于,广德楼
全堂合演,演出于,华乐戏院
李元盛,演出于,广和楼
刘世裔,演出于,广和楼
姜元顺,演出于,广和楼
杨元勲,演出于,广和楼
黄元鐘,演出于,广和楼
陈世宽,演出于,广和楼
陈世宽,演出于,华乐戏院
钰世玺,演出于,广和楼
钰世玺,演出于,华乐戏院
魏世宗,演出于,广和楼
魏世宗,演出于,华乐戏院
马元禄,演出于,广和楼
周元伯,演出于,广和楼
刘元馨,演出于,广和楼
陈元弼,演出于,广和楼
孙元增,演出于,广和楼
卢元义,演出于,广和楼
王元禧,演出于,广和楼
全体学生,演出于,广和戏院
李金泉,演出于,广和戏院
邓玉峥,演出于,广和戏院
陈金胜,演出于,广和戏院
李玉芝,演出于,广和戏院
林金培,演出于,广和戏院
高德仲,演出于,广和戏院
高德仲,演出于,中和戏院
何德亮,演出于,广和戏院
何德亮,演出于,中和戏院
高金儒,演出于,广和戏院
高金儒,演出于,中和戏院
张金柱,演出于,广和戏院
邓德芹,演出于,广和戏院
邓德芹,演出于,中和戏院
徐和才,演出于,广和戏院
徐和才,演出于,中和戏院
张金樑,演出于,广和戏院
宋德珠,演出于,广和戏院
傅德威,演出于,广和戏院
傅德威,演出于,中和戏院
陈金彪,演出于,广和戏院
李金棠,演出于,广和戏院
朱金琴,演出于,广和戏院
朱金琴,演出于,中和戏院
赵德普,演出于,广和戏院
赵德普,演出于,中和戏院
赵玉璜,演出于,广和戏院
侯玉兰,演出于,广和戏院
李和曾,演出于,广和戏院
关德咸,演出于,广和戏院
关德咸,演出于,中和戏院
谭金曾,演出于,广和戏院
李玉茹,演出于,广和戏院
萧德寅,演出于,广和戏院
于金骅,演出于,广和戏院
刘玉亭,演出于,广和戏院
王德吟,演出于,广和戏院
冯玉增,演出于,广和戏院
李金鸿,演出于,广和戏院
袁金凯,演出于,广和戏院
袁金凯,演出于,中和戏院
萨和章,演出于,广和戏院
萨和章,演出于,中和戏院
任金翔,演出于,广和戏院
周金莲,演出于,广和戏院
刘金春,演出于,广和戏院
胡金涛,演出于,广和戏院
宋金声,演出于,广和戏院
张金峰,演出于,广和戏院
王玉让,演出于,广和戏院
延玉哲,演出于,广和戏院
延玉哲,演出于,中和戏院
贺玉钦,演出于,广和戏院
郭和湧,演出于,广和戏院
王德俊,演出于,广和戏院
王德俊,演出于,中和戏院
牟金铎,演出于,广和戏院
牟金铎,演出于,中和戏院
冯金延,演出于,广和戏院
王德昆,演出于,广和戏院
王德昆,演出于,中和戏院
陆德昌,演出于,广和戏院
洪德佑,演出于,广和戏院
洪德佑,演出于,中和戏院
何金盘,演出于,广和戏院
张德良,演出于,广和戏院
张德良,演出于,中和戏院
齐和昌,演出于,广和戏院
齐和昌,演出于,中和戏院
赵德勋,演出于,广和戏院
陆德忠,演出于,广和戏院
郭金光,演出于,广和戏院
赵德钰,演出于,广和戏院
赵德钰,演出于,中和戏院
白玉薇,演出于,广和戏院
何德保,演出于,广和戏院
何德保,演出于,中和戏院
王金璐,演出于,广和戏院
王金璐,演出于,中和戏院
佟德新,演出于,广和戏院
程玉焕,演出于,广和戏院
程玉焕,演出于,中和戏院
张玉禅,演出于,广和戏院
何金保,演出于,广和戏院
周和桐,演出于,广和戏院
马金桂,演出于,广和戏院
马金桂,演出于,中和戏院
沈金波,演出于,广和戏院
朱金钊,演出于,广和戏院
朱金钊,演出于,中和戏院
沈金启,演出于,广和戏院
杨德锡,演出于,广和戏院
江金爵,演出于,广和戏院
窦金有,演出于,广和戏院
何金宽,演出于,广和戏院
李玉芳,演出于,广和戏院
张金永,演出于,广和戏院
张和元,演出于,广和戏院
张和元,演出于,中和戏院
殷金振,演出于,广和戏院
周金铭,演出于,广和戏院
王和霖,演出于,广和戏院
王和霖,演出于,中和戏院
李德彬,演出于,广和戏院
李金瑞,演出于,广和戏院
邓金昆,演出于,广和戏院
马金律,演出于,广和戏院
王玉海,演出于,广和戏院
赵玉章,演出于,广和戏院
白玉霄,演出于,广和戏院
金玉恒,演出于,广和戏院
金玉恒,演出于,堂会义务戏戏单
赵玉民,演出于,广和戏院
李和云,演出于,广和戏院
张德来,演出于,广和戏院
翟玉绅,演出于,广和戏院
赵金年,演出于,广和戏院
王玉芹,演出于,广和戏院
王和琨,演出于,广和戏院
王和琨,演出于,中和戏院
王玉苓,演出于,广和戏院
黄玉芳,演出于,广和戏院
李玉芰,演出于,广和戏院
秦玉萫,演出于,广和戏院
赵玉菁,演出于,广和戏院
张玉岑,演出于,广和戏院
王玉瑚,演出于,广和戏院
王玉瑚,演出于,中和戏院
哈金增,演出于,广和戏院
储金鹏,演出于,广和戏院
袁金绵,演出于,广和戏院
袁金绵,演出于,中和戏院
吴德成,演出于,广和戏院
何金海,演出于,广和戏院
施玉新,演出于,广和戏院
郭德宪,演出于,广和戏院
高德松,演出于,广和戏院
何金磐,演出于,广和戏院
何金磐,演出于,中和戏院
赵玉璋,演出于,广和戏院
许玉铭,演出于,广和戏院
费玉策,演出于,广和戏院
赵金纯,演出于,广和戏院
高金,演出于,广和戏院
姚玉刚,演出于,广和戏院
韦玉贵,演出于,广和戏院
金玉田,演出于,广和戏院
刘玉珺,演出于,广和戏院
张玉涛,演出于,广和戏院
张鑫奎,演出于,广和戏院
张荫奎,演出于,广和戏院
娄盛奎,演出于,广和戏院
姜连彩,演出于,广和戏院
贯盛吉,演出于,广和戏院
贯盛吉,演出于,中和大戏院
贯盛吉,演出于,开明戏院
贯盛吉,演出于,吉祥大戏院
贯盛吉,演出于,哈尔飞戏院
徐寿琪,演出于,广和戏院
徐寿琪,演出于,吉祥园双庆社
徐寿琪,演出于,吉祥园
徐寿琪,演出于,哈尔飞戏院
张云溪,演出于,广和戏院
张云溪,演出于,华乐戏院
张云溪,演出于,开明戏院
张小杰,演出于,广和戏院
张小杰,演出于,中和大戏院
张小杰,演出于,华乐戏院
张小杰,演出于,开明戏院
张小杰,演出于,吉祥大戏院
张小杰,演出于,哈尔飞戏院
高连甲,演出于,广和戏院
高连甲,演出于,庆乐戏院
陶玉政,演出于,广和戏院
陶玉政,演出于,天乐茶园
陶玉政,演出于,哈尔飞戏院
刘顺庆,演出于,广和戏院
刘顺庆,演出于,华乐戏院
刘顺庆,演出于,吉祥舞台
刘顺庆,演出于,哈尔飞戏院
刘顺庆,演出于,歌舞台
陈玉会,演出于,广和戏院
陈玉会,演出于,华乐戏院
陈玉会,演出于,吉祥舞台
王仲亭,演出于,广和戏院
王仲亭,演出于,中和戏院
赵曼云,演出于,广和戏院
杨世珍,演出于,广和戏院
杨世珍,演出于,哈尔飞戏院
褚子良,演出于,广和戏院
褚子良,演出于,吉祥大戏院
褚子良,演出于,哈尔飞戏院
新丽琴,演出于,广和戏院
新丽琴,演出于,中和戏院
新丽琴,演出于,华乐戏院
新丽琴,演出于,开明戏院
新丽琴,演出于,吉祥大戏院
新丽琴,演出于,庆乐戏院
新丽琴,演出于,哈尔飞戏院
罗世明,演出于,广和戏院
张富藻,演出于,广和戏院
张富藻,演出于,消闲友会
唐富尧,演出于,广和戏院
唐富尧,演出于,华乐园
唐富尧,演出于,开明戏院
唐富尧,演出于,哈尔飞戏院
贾多才,演出于,广和戏院
贾多才,演出于,中和戏院
贾多才,演出于,中和大戏院
贾多才,演出于,华乐园
贾多才,演出于,华乐戏院
贾多才,演出于,开明戏院
贾多才,演出于,长安大戏院
贾多才,演出于,长安戏院
贾多才,演出于,吉祥大戏院
贾多才,演出于,吉祥戏院
贾多才,演出于,哈尔飞戏院
贾多才,演出于,第一舞台
贾多才,演出于,燕舞台
贯盛习,演出于,广和戏院
贯盛习,演出于,开明戏院
贯盛习,演出于,第一舞台
金又宇,演出于,广和戏院
金又宇,演出于,华乐戏院
金又宇,演出于,庆乐戏院
金又宇,演出于,哈尔飞戏院
王玉敏,演出于,广和戏院
符玉恭,演出于,广和戏院
张王禅,演出于,广和戏院
王玉聪,演出于,广和戏院
王玉聪,演出于,中和戏院
朱玉安,演出于,广和戏院
张金峯,演出于,广和戏院
于玉光,演出于,广和戏院
关玉和,演出于,广和戏院
王玉芬,演出于,广和戏院
王玉芬,演出于,升平茶园
哈金曾,演出于,广和戏院
李金和,演出于,广和戏院
张玉皋,演出于,广和戏院
周永兰,演出于,广和戏院
赵玉箐,演出于,广和戏院
金玉焕,演出于,广和戏院
关玉森,演出于,广和戏院
庚金群,演出于,广和戏院
李和保,演出于,广和戏院
郝金锐,演出于,广和戏院
洪德洪,演出于,广和戏院
姬永周,演出于,广和戏院
杨永善,演出于,广和戏院
余连海,演出于,广德楼
金菊花,演出于,广德楼
金菊花,演出于,庆升茶园
小狗红,演出于,广德楼
小狗红,演出于,庆升茶园
小狗红,演出于,燕舞台
吴喜年,演出于,广德楼
钟连亮,演出于,广德楼
水上飘,演出于,广德楼
水上飘,演出于,国立清华大学学生会工会
海棠花,演出于,广德楼
海棠花,演出于,吉祥舞台
海棠花,演出于,春仙茶园
海棠花,演出于,歌舞台
海棠花,演出于,燕喜堂
海棠花,演出于,燕舞台
时喜文,演出于,广德楼
候喜瑞,演出于,广德楼
候喜瑞,演出于,中和戏院
律喜窦,演出于,广德楼
郭喜寿,演出于,广德楼
周喜■,演出于,广德楼
■■■,演出于,广德楼
保喜瑞,演出于,广德楼
杜云红,演出于,广德楼
杜云红,演出于,第一舞台
杜云红,演出于,景泰茶园
杜云红,演出于,福寿堂
丁桂兰,演出于,广德楼
丁桂兰,演出于,庆乐园
丁桂兰,演出于,第一舞台
九月菊,演出于,广德楼
九月菊,演出于,中和茶园
刘菊仙,演出于,广德楼
鲜灵芝,演出于,广德楼
小爱茹,演出于,广德楼
陈云涛,演出于,广德楼
陈云涛,演出于,第一舞台
赵来云,演出于,广德楼
赵来云,演出于,燕喜茶园
丁桂芬,演出于,广德楼
李桂■,演出于,广德楼
白金奎,演出于,广德楼
汪金荣,演出于,广德楼
汪金荣,演出于,庆乐园
汪金荣,演出于,德泉戏园
汪金荣,演出于,燕喜茶园
汪金荣,演出于,燕喜堂
金月珍,演出于,广德楼
金月珍,演出于,第一舞台
王大翠,演出于,广德楼
王大翠,演出于,燕喜茶园
小桂仙,演出于,广德楼
小桂仙,演出于,第一舞台
小玉仙,演出于,广德楼
小玉仙,演出于,燕喜堂
鑫翠玉,演出于,广德楼
鑫翠玉,演出于,第一舞台
王贵卿,演出于,广德楼
韩孝峰,演出于,广德楼
牛兰坡,演出于,广德楼
■月珍,演出于,广德楼
■月珍,演出于,乐舞台
小紫霖,演出于,广德楼
韩孝■,演出于,广德楼
小凤霞,演出于,广德楼
小凤霞,演出于,天和茶园
小凤霞,演出于,燕舞台
小■■,演出于,广德楼
鑫小樵,演出于,广德楼
鑫小樵,演出于,庆乐戏园
王菊仙,演出于,广德楼
于紫霞,演出于,广德楼
于紫霞,演出于,文明茶园
于紫云,演出于,广德楼
于紫云,演出于,文明茶园
于紫云,演出于,景泰茶园
李桂亭,演出于,广德楼
李桂亭,演出于,第一舞台
小菊仙,演出于,广德楼
小菊仙,演出于,天乐茶园
小菊仙,演出于,第一舞台
小菊仙,演出于,景泰茶园
灵芝花,演出于,广德楼
宁小楼,演出于,广德楼
小翠宝,演出于,广德楼
小翠宝,演出于,中和茶园
张小仙,演出于,广德楼
张小仙,演出于,中和茶园
宋风云,演出于,广德楼
小爱■,演出于,广德楼
李月卿,演出于,广德楼
李月卿,演出于,天和茶园
李月卿,演出于,燕喜堂
李月卿,演出于,燕舞台
李月卿,演出于,堂会义务戏戏单
小桂荣,演出于,广德楼
郭■声,演出于,广德楼
韩凤如,演出于,广德楼
贾俊楼,演出于,广德楼
贾俊楼,演出于,庆乐园
陈俊樵,演出于,广德楼
陈俊樵,演出于,乐舞台
刘俊娥,演出于,广德楼
刘俊娥,演出于,乐舞台
小张黑,演出于,广德楼
金少仙,演出于,广德楼
金少仙,演出于,魁华舞台
金少卿,演出于,广德楼
金少卿,演出于,魁华舞台
金桂红,演出于,广德楼
金桂红,演出于,乐舞台
金桂红,演出于,魁华舞台
恩维名,演出于,广德楼
恩佩贤,演出于,广德楼
龚秀岩,演出于,广德楼
文菊芳,演出于,广德楼
文玉仙,演出于,广德楼
文玉仙,演出于,燕喜堂
恩晓峰,演出于,广德楼
金翠英,演出于,广德楼
金翠英,演出于,庆升茶园
金翠英,演出于,春仙茶园
王■■,演出于,广德楼
高连奎,演出于,广德楼
高连奎,演出于,春仙茶园
张■寿,演出于,广德楼
陈富瑞,演出于,广德楼
陈富瑞,演出于,中和戏院
陈富瑞,演出于,吉祥大戏院
陈富瑞,演出于,哈尔飞戏院
陈富瑞,演出于,新新大戏院
陈富瑞,演出于,消闲友会
沈斌茹,演出于,广德楼
刘斌楼,演出于,广德楼
刘斌楼,演出于,吉祥大戏院
黄智斌,演出于,广德楼
苏连汉,演出于,广德楼
苏连汉,演出于,中和戏院
苏连汉,演出于,中和大戏院
苏连汉,演出于,牡丹园春庆社
苏连汉,演出于,华乐园
苏连汉,演出于,华乐戏院
苏连汉,演出于,开明戏院
苏连汉,演出于,吉祥大戏院
苏连汉,演出于,哈尔飞戏院
苏连汉,演出于,新新大戏院
王庆奎,演出于,广德楼
王庆奎,演出于,庆乐园
王庆奎,演出于,庆乐戏园
王庆奎,演出于,庆乐戏院
王庆奎,演出于,庆乐戏院奎德社
王庆奎,演出于,消闲友会
于斌安,演出于,广德楼
于斌安,演出于,开明戏院
魏连芳,演出于,广德楼
魏连芳,演出于,庆乐戏院
刘春升,演出于,广德楼
刘春升,演出于,吉祥大戏院
周斌秋,演出于,广德楼
王少楼,演出于,广德楼
王少楼,演出于,中和戏院
李万春,演出于,广德楼
李万春,演出于,第一舞台
李万春,演出于,新新戏院
李万春,演出于,消闲友会
蓝月春,演出于,广德楼
蓝月春,演出于,消闲友会
陈富涛,演出于,广德楼
陈富涛,演出于,中和大戏院
陈富涛,演出于,开明戏院
陈富涛,演出于,哈尔飞戏院
李庆喜,演出于,广德楼
朱斌仙,演出于,广德楼
朱斌仙,演出于,中和戏院
朱斌仙,演出于,开明戏院
朱斌仙,演出于,吉祥大戏院
朱斌仙,演出于,庆乐戏院
朱斌仙,演出于,哈尔飞戏院
朱斌仙,演出于,消闲友会
赵艳秋,演出于,广德楼
金又雨,演出于,广德楼
金又雨,演出于,开明戏院
筱九霄,演出于,广德楼
李春楼,演出于,广德楼
裴云亭,演出于,广德楼
闻子芳,演出于,广德楼
陈洪亮,演出于,广德楼
陈长泰,演出于,广德楼
小小九霄,演出于,广德楼
徐月亭,演出于,广德楼
李益善,演出于,广德楼
李益善,演出于,中和戏院
李益善,演出于,开明戏院
李益善,演出于,吉祥大戏院
陈玉惠,演出于,广德楼
李又宸,演出于,广德楼
雪玲珑,演出于,广德楼
王凤仙,演出于,广德楼
王凤仙,演出于,开明戏院
王凤仙,演出于,哈尔飞戏院
小福奎,演出于,广德楼
雪艳香,演出于,广德楼
孟丽君,演出于,广德楼
恩寿如,演出于,广德楼
恩寿如,演出于,吉祥舞台
郭喜凤,演出于,广德楼
郭喜凤,演出于,庆乐戏院
郭喜凤,演出于,魁华舞台
郭喜凤,演出于,堂会义务戏戏单
李德海,演出于,广德楼
金连奎,演出于,广德楼
梁德山,演出于,广德楼
梁德山,演出于,吉祥舞台
许霭臣,演出于,广德楼
许霭臣,演出于,消闲友会
碧月花,演出于,广德楼
李艳芬,演出于,广德楼
陈凤阁,演出于,广德楼
杨兆忠,演出于,广德楼
碧玉花,演出于,广德楼
碧玉花,演出于,庆乐戏园
张月亭,演出于,广德楼
李彩芬,演出于,广德楼
赵俊霞,演出于,广德楼
王玉堂,演出于,广德楼
王小楼,演出于,广德楼
宋小芳,演出于,广德楼
碧莲华,演出于,广德楼
刘翠霞,演出于,广德楼
桂宝芬,演出于,广德楼
刘瑞霞,演出于,广德楼
王守业,演出于,广德楼
刘殿富,演出于,广德楼
刘殿富,演出于,开明戏院
郝子卿,演出于,广德楼
王金花,演出于,广德戏院
桂云霞,演出于,广德戏院
关德奎,演出于,广德戏院
吴凤英,演出于,广德戏院
花艳芬,演出于,广德戏院
马广福,演出于,广德戏院
花凤楼,演出于,广德戏院
孙宝山,演出于,广德戏院
吴凤霞,演出于,广德戏院
孙九思,演出于,广德戏院
李素舫,演出于,广德戏院
孙小楼,演出于,广德戏院
盖丽霞,演出于,广德戏院
关德全,演出于,广德戏院
孙佩霞,演出于,广德戏院
刘玉山,演出于,广德戏院
鑫福笙,演出于,广德戏院
张振德,演出于,广德戏院
小连卿,演出于,中华舞台
石子云,演出于,中华舞台
石子云,演出于,吉祥舞台
石子云,演出于,歌舞台
石子云,演出于,燕舞台
陈桂廷,演出于,中华舞台
常■峰,演出于,中华舞台
仉少奎,演出于,中华舞台
陈月山,演出于,中华舞台
陈月山,演出于,歌舞台
王凤山,演出于,中华舞台
王凤山,演出于,春仙茶园
刘凤奎,演出于,中华舞台
刘凤奎,演出于,牡丹园春庆社
刘凤奎,演出于,开明戏院
刘凤奎,演出于,民乐茶园
刘凤奎,演出于,哈尔飞戏院
刘凤奎,演出于,燕舞台
刘凤奎,演出于,消闲友会
五龄童,演出于,中华舞台
五龄童,演出于,吉祥园斌广社
陈福寿,演出于,中华舞台
陈福寿,演出于,歌舞台
董俊峰,演出于,中华舞台
董俊峰,演出于,华乐园
董俊峰,演出于,吉祥园双庆社
董俊峰,演出于,吉祥园
董俊峰,演出于,庆乐茶园
朱■福,演出于,中华舞台
桂蝶香,演出于,中华舞台
于茂如,演出于,中华舞台
于茂如,演出于,堂会义务戏戏单
石小山,演出于,中华舞台
石小山,演出于,丹桂园福寿班
石小山,演出于,文明茶园
石小山,演出于,吉祥园
石小山,演出于,吉祥舞台
石小山,演出于,同乐茶园
慈瑞全,演出于,中华舞台
慈瑞全,演出于,中和戏院
慈瑞全,演出于,华乐园
慈瑞全,演出于,吉祥园双庆社
慈瑞全,演出于,吉祥园
慈瑞全,演出于,吉祥茶园
慈瑞全,演出于,庆升茶园
唐芝芳,演出于,中华舞台
唐芝芳,演出于,文明茶园
唐芝芳,演出于,吉祥园
唐芝芳,演出于,春仙茶园
程砚秋,演出于,中华舞台
程砚秋,演出于,中和戏院
程砚秋,演出于,华乐园
■鑫坪,演出于,中华舞台
小洪庆,演出于,中华舞台
小洪庆,演出于,天乐茶园
小洪庆,演出于,西安园
小洪庆,演出于,春仙茶园
金小凤,演出于,中和茶园
小翠芬,演出于,中和茶园
杨翠兰,演出于,中和茶园
李金桂,演出于,中和茶园
李来凤,演出于,中和茶园
小桂元,演出于,中和茶园
苗某如,演出于,中和茶园
小玉喜,演出于,中和茶园
小玉喜,演出于,天乐茶园
小玉喜,演出于,浙江温处助账义务戏
小春英,演出于,中和茶园
小翠喜,演出于,中和茶园
小翠喜,演出于,春仙茶园
小翠喜,演出于,魁华舞台
小翠喜,演出于,浙江温处助账义务戏
小竹芬,演出于,中和茶园
小竹芬,演出于,德泉戏园
小竹芬,演出于,燕喜茶园
汪金蓉,演出于,中和茶园
汪金蓉,演出于,燕喜茶园
宋金桂,演出于,中和茶园
小菊芬,演出于,中和茶园
小菊芬,演出于,升平茶园
小凤喜,演出于,中和茶园
小凤喜,演出于,春仙茶园
小凤喜,演出于,景泰茶园
小凤喜,演出于,浙江温处助账义务戏
小香水,演出于,中和茶园
小香水,演出于,第一舞台
小香水,演出于,景泰茶园
小香水,演出于,燕舞台
小香水,演出于,浙江温处助账义务戏
小贵红,演出于,中和茶园
小金玉,演出于,中和茶园
众学生,演出于,中和茶园
众学生,演出于,文明茶园
众学生,演出于,春仙茶园
陆凤昇,演出于,中和茶园
小月亭,演出于,中和茶园
小月亭,演出于,乐舞台
苗素珍,演出于,中和茶园
金玉升,演出于,中和茶园
卢正喜,演出于,中和茶园
小玉恒,演出于,中和茶园
小玉恒,演出于,福寿堂
筱芬,演出于,中和茶园
尚俊卿,演出于,中和茶园
尚俊卿,演出于,文明茶园
尚俊卿,演出于,景泰茶园
尚俊卿,演出于,德泉戏园
尚俊卿,演出于,燕喜茶园
尚俊卿,演出于,燕喜堂
林俊卿,演出于,中和茶园
林俊卿,演出于,乐舞台
林俊卿,演出于,燕舞台
林俊卿,演出于,堂会义务戏戏单
翟金桂,演出于,中和茶园
杨润卿,演出于,中和茶园
杨润卿,演出于,文明茶园
杨润卿,演出于,乐舞台
杨润卿,演出于,燕喜堂
果金翠,演出于,中和茶园
李桂芬,演出于,中和茶园
金月兰,演出于,中和茶园
金月兰,演出于,文明茶园
金月兰,演出于,第一舞台
小桂升,演出于,中和茶园
筱楼,演出于,中和茶园
筱峰,演出于,中和茶园
九云风,演出于,中和茶园
九云风,演出于,吉祥茶园
杜云峰,演出于,中和茶园
杜云峰,演出于,天和茶园
杜云峰,演出于,文明茶园
杜云峰,演出于,吉祥茶园
杜云峰,演出于,庆乐园
杜云峰,演出于,春仙茶园
杜云峰,演出于,燕喜堂
小月英,演出于,中和茶园
小玉桂,演出于,中和茶园
刘兰宝,演出于,中和茶园
刘兰宝,演出于,乐舞台
金玉兰,演出于,中和茶园
金玉兰,演出于,文明茶园
金玉兰,演出于,浙江温处助账义务戏
小连福,演出于,中和茶园
宋凤云,演出于,中和茶园
秋月芬,演出于,中和茶园
云金红,演出于,中和茶园
云金兰,演出于,中和茶园
云金凤,演出于,中和茶园
金奎官,演出于,中和茶园
金奎官,演出于,庆乐园
金奎官,演出于,庆乐戏园
金奎官,演出于,庆乐戏院
金奎官,演出于,庆乐戏院奎德社
金奎官,演出于,第一舞台
全武全,演出于,中和茶园
丘富棠,演出于,中和戏院
丘富棠,演出于,华乐园
冯连恩,演出于,中和戏院
阎岚亭,演出于,中和戏院
阎岚亭,演出于,华乐园
阎岚亭,演出于,景泰茶园
高秋频,演出于,中和戏院
王幼卿,演出于,中和戏院
王幼卿,演出于,华乐园
王幼卿,演出于,开明戏院
王幼卿,演出于,吉祥大戏院
马富禄,演出于,中和戏院
马富禄,演出于,华乐园
马富禄,演出于,华乐戏院
马富禄,演出于,吉祥大戏院
马富禄,演出于,哈尔飞戏院
马富禄,演出于,新新戏院
马连良,演出于,中和戏院
马连良,演出于,华乐园
马连良,演出于,吉祥大戏院
马连良,演出于,新明剧场
马春樵,演出于,中和戏院
马春樵,演出于,华乐园
马春樵,演出于,文明茶园
马春樵,演出于,吉祥园
马春樵,演出于,吉祥大戏院
张春彦,演出于,中和戏院
张春彦,演出于,中和大戏院
张春彦,演出于,牡丹园春庆社
张春彦,演出于,华乐园
张春彦,演出于,华乐戏院
张春彦,演出于,开明戏院
张春彦,演出于,吉祥大戏院
张春彦,演出于,哈尔飞戏院
张春彦,演出于,第一舞台
孟小如,演出于,中和戏院
孟小如,演出于,天乐茶园
孟小如,演出于,春仙茶园
孟小如,演出于,景泰茶园
张连升,演出于,中和戏院
张连升,演出于,华乐园
张连升,演出于,华乐戏院
张连升,演出于,开明戏院
张连升,演出于,吉祥大戏院
张连升,演出于,哈尔飞戏院
文亮臣,演出于,中和戏院
文亮臣,演出于,华乐园
文亮臣,演出于,华乐戏院
文亮臣,演出于,同乐园松庆社
杨春龙,演出于,中和戏院
杨春龙,演出于,中和大戏院
杨春龙,演出于,牡丹园春庆社
杨春龙,演出于,华乐园
杨春龙,演出于,华乐戏院
杨春龙,演出于,开明戏院
杨春龙,演出于,长安大戏院
杨春龙,演出于,吉祥大戏院
杨春龙,演出于,哈尔飞戏院
杨春龙,演出于,第一舞台
杨春龙,演出于,燕舞台
范少亭,演出于,中和戏院
范少亭,演出于,华乐戏院
范少亭,演出于,开明戏院
范少亭,演出于,哈尔飞戏院
谭富英,演出于,中和戏院
谭富英,演出于,第一舞台
谭富英,演出于,新新戏院
蒋少奎,演出于,中和戏院
蒋少奎,演出于,开明戏院
蒋少奎,演出于,吉祥戏院
蒋少奎,演出于,消闲友会
何雅秋,演出于,中和戏院
何雅秋,演出于,中和大戏院
何雅秋,演出于,华乐戏院
何雅秋,演出于,开明戏院
何雅秋,演出于,长安大戏院
何雅秋,演出于,长安戏院
何雅秋,演出于,吉祥戏院
何雅秋,演出于,第一舞台
何雅秋,演出于,消闲友会
王福山,演出于,中和戏院
王福山,演出于,华乐园
王福山,演出于,长安大戏院
王福山,演出于,吉祥大戏院
王福山,演出于,哈尔飞戏院
王福山,演出于,第一舞台
王福山,演出于,新新大戏院
王福山,演出于,消闲友会
孙毓坤,演出于,中和戏院
孙毓坤,演出于,开明戏院
小翠花,演出于,中和戏院
小翠花,演出于,中和大戏院
小翠花,演出于,吉祥园斌广社
小翠花,演出于,第一舞台
小翠花,演出于,新新戏院
王多寿,演出于,中和戏院
王多寿,演出于,华乐园
王多寿,演出于,开明戏院
王多寿,演出于,吉祥大戏院
王多寿,演出于,哈尔飞戏院
金仲仁,演出于,中和戏院
金仲仁,演出于,丹桂茶园
金仲仁,演出于,华乐园
金仲仁,演出于,文明茶园
金仲仁,演出于,哈尔飞戏院
金仲仁,演出于,第一舞台
金仲仁,演出于,景泰茶园
高斌峰,演出于,中和戏院
高斌峰,演出于,吉祥园斌广社
扎金奎,演出于,中和戏院
扎金奎,演出于,中和大戏院
扎金奎,演出于,华乐园
扎金奎,演出于,华乐戏院
扎金奎,演出于,开明戏院
扎金奎,演出于,长安大戏院
扎金奎,演出于,吉祥园
扎金奎,演出于,吉祥大戏院
扎金奎,演出于,吉祥戏院
扎金奎,演出于,吉祥茶园
扎金奎,演出于,吉祥园双庆社
扎金奎,演出于,庆乐茶园
扎金奎,演出于,哈尔飞戏院
扎金奎,演出于,第一舞台
扎金奎,演出于,新新大戏院
扎金奎,演出于,消闲友会
阎岚秋,演出于,中和戏院
阎岚秋,演出于,华乐园
王玉吉,演出于,中和戏院
王玉吉,演出于,牡丹园春庆社
王玉吉,演出于,天乐茶园
王玉吉,演出于,华乐园
王玉吉,演出于,开明戏院
王玉吉,演出于,景泰茶园
王玉吉,演出于,燕舞台
吴铁庵,演出于,中和戏院
甄洪奎,演出于,中和戏院
甄洪奎,演出于,华乐园
甄洪奎,演出于,开明戏院
甄洪奎,演出于,长安大戏院
甄洪奎,演出于,吉祥大戏院
甄洪奎,演出于,吉祥戏院
甄洪奎,演出于,消闲友会
刘俊峰,演出于,中和戏院
刘俊峰,演出于,吉祥大戏院
刘俊峰,演出于,哈尔飞戏院
王泉奎,演出于,中和戏院
王泉奎,演出于,华乐戏院
王泉奎,演出于,开明戏院
王泉奎,演出于,吉祥戏院
王泉奎,演出于,庆乐戏院
王泉奎,演出于,哈尔飞戏院
王泉奎,演出于,第一舞台
王泉奎,演出于,新新戏院
朱桂芳,演出于,中和戏院
朱桂芳,演出于,文明茶园
朱桂芳,演出于,吉祥茶园
朱桂芳,演出于,同乐茶园
朱桂芳,演出于,庆乐园
朱桂芳,演出于,庆乐茶园
朱桂芳,演出于,第一舞台
朱桂芳,演出于,新新戏院
吴玉玲,演出于,中和戏院
奎富光,演出于,中和戏院
奎富光,演出于,华乐戏院
奎富光,演出于,开明戏院
奎富光,演出于,吉祥大戏院
奎富光,演出于,庆乐戏院
奎富光,演出于,哈尔飞戏院
计艳芬,演出于,中和戏院
计艳芬,演出于,中和大戏院
计艳芬,演出于,华乐园
计艳芬,演出于,哈尔飞戏院
王少亭,演出于,中和戏院
王少亭,演出于,第一舞台
李盛斌,演出于,中和戏院
李盛斌,演出于,开明戏院
李盛斌,演出于,消闲友会
李富友,演出于,中和戏院
任富保,演出于,中和戏院
任富保,演出于,开明戏院
任富保,演出于,哈尔飞戏院
臧岚光,演出于,中和戏院
何喜春,演出于,中和戏院
何喜春,演出于,华乐园
何喜春,演出于,吉祥园双庆社
何喜春,演出于,吉祥园
何喜春,演出于,吉祥大戏院
何喜春,演出于,哈尔飞戏院
何喜春,演出于,新新大戏院
李宝奎,演出于,中和戏院
李宝奎,演出于,开明戏院
李宝奎,演出于,吉祥戏院
李宝奎,演出于,庆乐戏院
李宝奎,演出于,哈尔飞戏院
李宝奎,演出于,第一舞台
王蕙芳,演出于,中和戏院
王蕙芳,演出于,天乐茶园
王蕙芳,演出于,第一舞台
孙富亮,演出于,中和戏院
李三星,演出于,中和戏院
李三星,演出于,华乐戏院
李三星,演出于,开明戏院
王惠芳,演出于,中和戏院
王惠芳,演出于,天乐茶园
王惠芳,演出于,文明茶园
李泉奎,演出于,中和戏院
钱少卿,演出于,中和戏院
钱少卿,演出于,中和大戏院
钱少卿,演出于,华乐戏院
钱少卿,演出于,开明戏院
钱少卿,演出于,长安大戏院
钱少卿,演出于,长安戏院
钱少卿,演出于,吉祥戏院
钱少卿,演出于,吉祥大戏院
钱少卿,演出于,哈尔飞戏院
马连昆,演出于,中和戏院
马连昆,演出于,华乐园
马连昆,演出于,华乐戏院
马连昆,演出于,开明戏院
马连昆,演出于,吉祥大戏院
马连昆,演出于,哈尔飞戏院
马连昆,演出于,新新戏院
马连昆,演出于,堂会义务戏戏单
方连元,演出于,中和戏院
方连元,演出于,华乐戏院
方连元,演出于,开明戏院
方连元,演出于,新明剧场
赵文奎,演出于,中和戏院
赵文奎,演出于,华乐戏院
赵文奎,演出于,同乐园
钟鸣岐,演出于,中和戏院
钟鸣岐,演出于,哈尔飞戏院
钟喜久,演出于,中和戏院
钟喜久,演出于,牡丹园春庆社
钟喜久,演出于,庆升茶园
陈丽芳,演出于,中和戏院
陈丽芳,演出于,华乐戏院
陈丽芳,演出于,长安大戏院
陈丽芳,演出于,吉祥大戏院
陈丽芳,演出于,庆乐戏院
陈丽芳,演出于,哈尔飞戏院
赵崎霞,演出于,中和戏院
冯宇岚,演出于,中和戏院
吴金奎,演出于,中和戏院
张蝶芬,演出于,中和戏院
张蝶芬,演出于,华乐戏院
张蝶芬,演出于,吉祥戏院
张蝶芬,演出于,吉祥大戏院
罗万华,演出于,中和戏院
罗万华,演出于,华乐戏院
罗万华,演出于,长安大戏院
罗万华,演出于,吉祥大戏院
罗万华,演出于,哈尔飞戏院
于斌荣,演出于,中和戏院
罗文元,演出于,中和戏院
罗文元,演出于,吉祥大戏院
罗文元,演出于,哈尔飞戏院
罗文元,演出于,第一舞台
从海泉,演出于,中和戏院
李竹泉,演出于,中和戏院
董玉林,演出于,中和戏院
董玉林,演出于,吉祥园双庆社
董玉林,演出于,吉祥园
孙立君,演出于,中和戏院
许秋江,演出于,中和戏院
许秋江,演出于,哈尔飞戏院
曹玉华,演出于,中和戏院
逍遥轩主,演出于,中和戏院
邱富棠,演出于,中和戏院
邱富棠,演出于,吉祥大戏院
邱富棠,演出于,消闲友会
胡显庭,演出于,中和戏院
丞伯埙,演出于,中和戏院
王星垣,演出于,中和戏院
王星垣,演出于,吉祥大戏院
王星垣,演出于,哈尔飞戏院
梁小鸾,演出于,中和戏院
芦远峰,演出于,中和戏院
曹二庚,演出于,中和戏院
曹二庚,演出于,华乐园
曹二庚,演出于,吉祥园
曹二庚,演出于,吉祥园双庆社
曹二庚,演出于,庆升茶园
曹二庚,演出于,庆乐园
曹二庚,演出于,庆乐茶园
曹二庚,演出于,消闲友会
李洪春,演出于,中和戏院
李洪春,演出于,华乐园
李洪春,演出于,长安大戏院
李洪春,演出于,吉祥大戏院
李洪春,演出于,庆乐戏院
李洪春,演出于,哈尔飞戏院
李恒春,演出于,中和戏院
李恒春,演出于,华乐园
芙蓉草,演出于,中和戏院
芙蓉草,演出于,丹桂茶园
芙蓉草,演出于,牡丹园春庆社
芙蓉草,演出于,华乐戏院
芙蓉草,演出于,开明戏院
芙蓉草,演出于,民乐茶园
芙蓉草,演出于,哈尔飞戏院
芙蓉草,演出于,景泰茶园
程继先,演出于,中和戏院
程继先,演出于,吉祥园双庆社
程继先,演出于,第一舞台
吴富琴,演出于,中和戏院
吴富琴,演出于,华乐园
吴富琴,演出于,消闲友会
张韵卿,演出于,中和戏院
俞振飞,演出于,中和戏院
哈宝山,演出于,中和戏院
哈宝山,演出于,华乐戏院
哈宝山,演出于,开明戏院
哈宝山,演出于,吉祥大戏院
哈宝山,演出于,哈尔飞戏院
慈少泉,演出于,中和戏院
慈少泉,演出于,华乐戏院
慈少泉,演出于,开明戏院
慈少泉,演出于,庆乐戏院
慈少泉,演出于,哈尔飞戏院
慈少泉,演出于,新新戏院
李多奎,演出于,中和戏院
李多奎,演出于,丹桂茶园
李多奎,演出于,华乐园
李多奎,演出于,哈尔飞戏院
李多奎,演出于,第一舞台
李多奎,演出于,新新大戏院
李多奎,演出于,新新戏院
李多奎,演出于,消闲友会
刘盛莲,演出于,中和戏院
刘盛莲,演出于,开明戏院
刘盛莲,演出于,哈尔飞戏院
刘金昌,演出于,中和戏院
魏金瀛,演出于,中和戏院
王金兰,演出于,中和戏院
王金兰,演出于,燕喜堂
赵金蓉,演出于,中和戏院
郭德仁,演出于,中和戏院
萨和成,演出于,中和戏院
罗盛公,演出于,中和戏院
罗盛公,演出于,开明戏院
罗盛公,演出于,庆乐戏院
罗盛公,演出于,哈尔飞戏院
陈富康,演出于,中和戏院
陈富康,演出于,华乐园
陈富康,演出于,开明戏院
陈富康,演出于,吉祥大戏院
陈富康,演出于,哈尔飞戏院
孙甫亭,演出于,中和戏院
孙甫亭,演出于,开明戏院
孙甫亭,演出于,吉祥大戏院
孙甫亭,演出于,哈尔飞戏院
孙甫亭,演出于,第一舞台
张奎斌,演出于,中和戏院
张奎斌,演出于,开明戏院
张奎斌,演出于,吉祥大戏院
吴彦衡,演出于,中和戏院
吴彦衡,演出于,华乐园
吴彦衡,演出于,吉祥大戏院
吴彦衡,演出于,哈尔飞戏院
霍鸣如,演出于,中和戏院
霍鸣如,演出于,哈尔飞戏院
钱富川,演出于,中和戏院
钱富川,演出于,中和大戏院
钱富川,演出于,华乐园
钱富川,演出于,华乐戏院
钱富川,演出于,开明戏院
钱富川,演出于,吉祥大戏院
钱富川,演出于,吉祥戏院
钱富川,演出于,庆乐戏院
钱富川,演出于,哈尔飞戏院
张连廷,演出于,中和戏院
张连廷,演出于,中和大戏院
张连廷,演出于,华乐戏院
张连廷,演出于,开明戏院
张连廷,演出于,庆乐戏院
张连廷,演出于,哈尔飞戏院
张连廷,演出于,第一舞台
张连廷,演出于,消闲友会
刘玉芳,演出于,中和戏院
刘玉芳,演出于,牡丹园春庆社
刘玉芳,演出于,天乐茶园
刘玉芳,演出于,吉祥舞台
刘玉芳,演出于,哈尔飞戏院
刘玉芳,演出于,燕舞台
陆素娟,演出于,中和戏院
于莲仙,演出于,中和戏院
于莲仙,演出于,华乐戏院
于莲仙,演出于,庆乐戏院
于莲仙,演出于,哈尔飞戏院
于莲仙,演出于,第一舞台
陆素瑛,演出于,中和戏院
李四广,演出于,中和戏院
李四广,演出于,华乐园
李四广,演出于,开明戏院
李四广,演出于,吉祥大戏院
李四广,演出于,第一舞台
李四广,演出于,新新大戏院
鲍吉祥,演出于,中和戏院
鲍吉祥,演出于,开明戏院
鲍吉祥,演出于,庆升茶园
鲍吉祥,演出于,庆乐园
鲍吉祥,演出于,庆乐茶园
鲍吉祥,演出于,新新大戏院
鲍吉祥,演出于,新新戏院
鲍吉祥,演出于,消闲友会
尚富霞,演出于,中和戏院
尚富霞,演出于,中和大戏院
尚富霞,演出于,华乐戏院
尚富霞,演出于,开明戏院
尚富霞,演出于,长安大戏院
尚富霞,演出于,长安戏院
尚富霞,演出于,吉祥戏院
尚富霞,演出于,吉祥大戏院
尚富霞,演出于,第一舞台
尚富霞,演出于,消闲友会
李德奎,演出于,中和戏院
李德奎,演出于,中和大戏院
李德奎,演出于,长安大戏院
李德奎,演出于,长安戏院
李德奎,演出于,吉祥戏院
李德奎,演出于,第一舞台
高富远,演出于,中和戏院
高富远,演出于,中和大戏院
高富远,演出于,华乐戏院
高富远,演出于,长安大戏院
高富远,演出于,长安戏院
高富远,演出于,吉祥戏院
高富远,演出于,吉祥大戏院
高富远,演出于,哈尔飞戏院
高富远,演出于,第一舞台
宋遇春,演出于,中和戏院
宋遇春,演出于,中和大戏院
宋遇春,演出于,长安大戏院
宋遇春,演出于,长安戏院
宋遇春,演出于,吉祥戏院
宋遇春,演出于,吉祥大戏院
宋遇春,演出于,哈尔飞戏院
宋遇春,演出于,第一舞台
慈永胜,演出于,中和戏院
慈永胜,演出于,中和大戏院
慈永胜,演出于,华乐戏院
慈永胜,演出于,第一舞台
王荣坡,演出于,中和大戏院
王荣坡,演出于,吉祥大戏院
唐荣昌,演出于,中和大戏院
唐荣昌,演出于,吉祥大戏院
田荣芬,演出于,中和大戏院
侯荣湘,演出于,中和大戏院
侯荣湘,演出于,吉祥大戏院
冯荣宽,演出于,中和大戏院
蔡松春,演出于,中和大戏院
蔡松春,演出于,吉祥大戏院
罗荣贵,演出于,中和大戏院
罗荣贵,演出于,吉祥大戏院
谢荣珊,演出于,中和大戏院
李荣元,演出于,中和大戏院
李荣元,演出于,吉祥大戏院
钮荣亮,演出于,中和大戏院
钮荣亮,演出于,吉祥大戏院
尚荣芳,演出于,中和大戏院
尚荣芳,演出于,吉祥大戏院
黄荣俊,演出于,中和大戏院
黄荣俊,演出于,吉祥大戏院
时荣章,演出于,中和大戏院
时荣章,演出于,吉祥大戏院
罗荣亭,演出于,中和大戏院
罗荣亭,演出于,吉祥大戏院
贾寿春,演出于,中和大戏院
贾寿春,演出于,吉祥大戏院
王永春,演出于,中和大戏院
王永春,演出于,吉祥大戏院
孙瑞春,演出于,中和大戏院
孙瑞春,演出于,吉祥大戏院
赵和春,演出于,中和大戏院
赵和春,演出于,吉祥大戏院
王荣良,演出于,中和大戏院
王荣良,演出于,吉祥大戏院
徐荣奎,演出于,中和大戏院
徐荣奎,演出于,吉祥大戏院
李德春,演出于,中和大戏院
李德春,演出于,吉祥大戏院
张荣林,演出于,中和大戏院
张荣林,演出于,吉祥大戏院
徐庆春,演出于,中和大戏院
徐庆春,演出于,吉祥大戏院
陈茂春,演出于,中和大戏院
陈茂春,演出于,吉祥大戏院
茹木春,演出于,中和大戏院
茹木春,演出于,吉祥大戏院
尚长麟,演出于,中和大戏院
尚长麟,演出于,中和戏院
吴荣斌,演出于,中和大戏院
吴荣斌,演出于,吉祥大戏院
周仲春,演出于,中和大戏院
周仲春,演出于,吉祥大戏院
尚长春,演出于,中和大戏院
尚长春,演出于,中和戏院
尚长春,演出于,吉祥大戏院
尚长春,演出于,吉祥戏院
陶荣耀,演出于,中和大戏院
陶荣耀,演出于,吉祥大戏院
耿玉春,演出于,中和大戏院
耿玉春,演出于,吉祥大戏院
王福春,演出于,中和大戏院
王福春,演出于,吉祥大戏院
沈桂春,演出于,中和大戏院
沈桂春,演出于,吉祥大戏院
王禄春,演出于,中和大戏院
王禄春,演出于,吉祥大戏院
周瑞祥,演出于,中和戏院
周瑞祥,演出于,华乐戏院
周瑞祥,演出于,开明戏院
周瑞祥,演出于,吉祥戏院
贾少才,演出于,中和戏院
贾少才,演出于,中和大戏院
贾少才,演出于,长安大戏院
贾少才,演出于,长安戏院
贾少才,演出于,吉祥戏院
徐霖甫,演出于,中和戏院
徐霖甫,演出于,中和大戏院
徐霖甫,演出于,华乐戏院
徐霖甫,演出于,长安大戏院
徐霖甫,演出于,吉祥戏院
徐霖甫,演出于,吉祥大戏院
李盛芳,演出于,中和戏院
李盛芳,演出于,中和大戏院
李盛芳,演出于,长安大戏院
李盛芳,演出于,长安戏院
李盛芳,演出于,吉祥戏院
陆锦春,演出于,中和大戏院
陆锦春,演出于,吉祥大戏院
虞荣昇,演出于,中和大戏院
虞荣昇,演出于,吉祥大戏院
王启春,演出于,中和大戏院
王启春,演出于,吉祥大戏院
陈荣兰,演出于,中和大戏院
陈荣兰,演出于,吉祥大戏院
李荣华,演出于,中和大戏院
李荣华,演出于,吉祥大戏院
赵荣鑫,演出于,中和大戏院
赵荣鑫,演出于,吉祥大戏院
马荣祥,演出于,中和大戏院
马荣祥,演出于,吉祥大戏院
陶龙春,演出于,中和大戏院
陶龙春,演出于,吉祥大戏院
张荣意,演出于,中和大戏院
张荣意,演出于,吉祥大戏院
张荣胜,演出于,中和大戏院
张荣胜,演出于,吉祥大戏院
王斌春,演出于,中和大戏院
王斌春,演出于,吉祥大戏院
李荣轩,演出于,中和大戏院
李荣轩,演出于,吉祥大戏院
张世春,演出于,中和大戏院
张世春,演出于,吉祥大戏院
孙荣蕙,演出于,中和大戏院
孙荣蕙,演出于,吉祥大戏院
赵荣鹏,演出于,中和大戏院
赵荣鹏,演出于,吉祥大戏院
计荣龙,演出于,中和大戏院
计荣龙,演出于,吉祥大戏院
张荣兴,演出于,中和大戏院
张荣兴,演出于,吉祥大戏院
崔荣英,演出于,中和大戏院
崔荣英,演出于,吉祥大戏院
朱荣生,演出于,中和大戏院
朱荣生,演出于,吉祥大戏院
朱月春,演出于,中和大戏院
朱月春,演出于,吉祥大戏院
胡荣寿,演出于,中和大戏院
胡荣寿,演出于,吉祥大戏院
王士春,演出于,中和大戏院
王士春,演出于,吉祥大戏院
杨荣臣,演出于,中和大戏院
杨荣臣,演出于,吉祥大戏院
李学春,演出于,中和大戏院
李学春,演出于,吉祥大戏院
何荣连,演出于,中和大戏院
何荣连,演出于,吉祥大戏院
刘荣秀,演出于,中和大戏院
刘荣秀,演出于,吉祥大戏院
孙荣信,演出于,中和大戏院
孙荣信,演出于,吉祥大戏院
耿雨春,演出于,中和大戏院
耿雨春,演出于,吉祥大戏院
何荣相,演出于,中和大戏院
何荣相,演出于,吉祥大戏院
王嘉春,演出于,中和大戏院
王嘉春,演出于,吉祥大戏院
沈荣华,演出于,中和大戏院
沈荣华,演出于,吉祥大戏院
于荣卿,演出于,中和大戏院
于荣卿,演出于,吉祥大戏院
方荣慈,演出于,中和大戏院
方荣慈,演出于,吉祥大戏院
荣春社,演出于,中和大戏院
荣春社,演出于,吉祥戏院
耿荣泉,演出于,中和大戏院
郭荣相,演出于,中和大戏院
汪荣汉,演出于,中和大戏院
田荣斋,演出于,中和大戏院
张荣茂,演出于,中和大戏院
孙荣登,演出于,中和大戏院
韦三奎,演出于,中和大戏院
韦三奎,演出于,中和戏院
韦三奎,演出于,长安戏院
韦三奎,演出于,吉祥大戏院
韦三奎,演出于,吉祥戏院
虞荣升,演出于,中和大戏院
朱荣升,演出于,中和大戏院
田荣齐,演出于,中和大戏院
钱荣安,演出于,中和大戏院
徐庆香,演出于,中和大戏院
李荣立,演出于,中和大戏院
杨荣年,演出于,中和大戏院
李荣安,演出于,中和大戏院
陈少霖,演出于,中和大戏院
陈少霖,演出于,吉祥大戏院
贾松龄,演出于,中和大戏院
贾松龄,演出于,吉祥大戏院
于永利,演出于,中和大戏院
任志秋,演出于,中和大戏院
任志秋,演出于,中和戏院
陈文英,演出于,中和大戏院
陈文英,演出于,哈尔飞戏院
张福昆,演出于,中和大戏院
张福昆,演出于,吉祥大戏院
张福昆,演出于,消闲友会
筱翠花,演出于,中和大戏院
筱翠花,演出于,华乐园
筱翠花,演出于,吉祥大戏院
计砚芬,演出于,中和戏院
计砚芬,演出于,开明戏院
计砚芬,演出于,吉祥大戏院
高富全,演出于,中和戏院
高富全,演出于,开明戏院
高富全,演出于,庆乐戏院
高富全,演出于,哈尔飞戏院
高富全,演出于,新新戏院
崔熹云,演出于,中和戏院
徐寿祺,演出于,中和戏院
徐寿祺,演出于,吉祥戏院
孙志斌,演出于,中和戏院
王竹廷,演出于,丹桂茶园
傅振清,演出于,丹桂茶园
刘寿峯,演出于,丹桂茶园
刘寿峯,演出于,庆升茶园
郭一臣,演出于,丹桂茶园
郭一臣,演出于,春仙茶园
杨春圃,演出于,丹桂茶园
小金娃,演出于,丹桂茶园
肖瑞婷,演出于,丹桂茶园
李福来,演出于,丹桂茶园
七仙旦,演出于,丹桂茶园
刘童奎,演出于,丹桂茶园
王芝玉,演出于,丹桂茶园
王芝玉,演出于,吉祥园
郭小福,演出于,丹桂茶园
常二奎,演出于,丹桂茶园
金福山,演出于,丹桂茶园
朱六音,演出于,丹桂茶园
夏德升,演出于,丹桂茶园
华永才,演出于,丹桂茶园
陈月楼,演出于,丹桂茶园
何永宫,演出于,丹桂茶园
刘永高,演出于,丹桂茶园
十七红,演出于,丹桂茶园
十七红,演出于,天乐茶园
十七红,演出于,景泰茶园
马献廷,演出于,丹桂茶园
马献廷,演出于,庆升园
小长庚,演出于,丹桂茶园
小长庚,演出于,庆升园
小长庚,演出于,春仙茶园
小喜翠,演出于,丹桂茶园
小喜翠,演出于,庆升园
小喜翠,演出于,春仙茶园
小喜翠,演出于,德泉戏园
小喜翠,演出于,燕喜堂
小金奎,演出于,丹桂茶园
小金奎,演出于,庆升园
小金奎,演出于,春仙茶园
小马五,演出于,丹桂茶园
小马五,演出于,吉祥舞台
小马五,演出于,庆升园
小马五,演出于,春仙茶园
小马五,演出于,燕舞台
十一红,演出于,丹桂茶园
十一红,演出于,春仙茶园
十一红,演出于,歌舞台
十一红,演出于,燕喜茶园
徐天元,演出于,丹桂茶园
周如奎,演出于,丹桂茶园
周小如,演出于,丹桂茶园
周小如,演出于,庆升园
于永海,演出于,丹桂茶园
于永海,演出于,庆升园
小德仙,演出于,丹桂茶园
小德仙,演出于,春仙茶园
八岁红,演出于,丹桂茶园
八岁红,演出于,升平茶园
八岁红,演出于,民乐茶园
八岁红,演出于,吉祥茶园
八岁红,演出于,西安园
八岁红,演出于,春仙茶园
小三宝,演出于,丹桂茶园
韩长宝,演出于,丹桂茶园
韩长宝,演出于,春仙茶园
乔月枩,演出于,丹桂茶园
贳大元,演出于,丹桂茶园
隆镇海,演出于,丹桂茶园
粉菊花,演出于,丹桂茶园
粉菊花,演出于,吉祥茶园
粉菊花,演出于,景泰茶园
杨桂芬,演出于,丹桂茶园
杨桂芬,演出于,庆乐园
杨桂芬,演出于,西安园
杨桂芬,演出于,春仙茶园
高月秌,演出于,丹桂茶园
小香元,演出于,丹桂茶园
小香元,演出于,同益茶园
小香元,演出于,春仙茶园
小香元,演出于,燕喜堂
张子峯,演出于,丹桂茶园
张子峯,演出于,天乐茶园
小玲珑,演出于,丹桂茶园
小玲珑,演出于,同益茶园
小玲珑,演出于,景泰茶园
松玉棠,演出于,丹桂茶园
小玉静,演出于,丹桂茶园
小玉静,演出于,同益茶园
小玉政,演出于,丹桂茶园
张子良,演出于,丹桂茶园
赵朋玉,演出于,丹桂茶园
李春祥,演出于,丹桂茶园
小桂英,演出于,丹桂茶园
小桂英,演出于,西安园
小桂英,演出于,燕喜茶园
罗长山,演出于,丹桂茶园
罗长山,演出于,燕舞台
天鹅旦,演出于,丹桂茶园
孟五,演出于,丹桂茶园
小庆四,演出于,丹桂茶园
小秃红,演出于,丹桂茶园
小秃红,演出于,吉祥园
小秃红,演出于,吉祥舞台
小秃红,演出于,庆升园
小秃红,演出于,春仙茶园
小秃红,演出于,燕舞台
月月红,演出于,丹桂茶园
月月红,演出于,吉祥园
月月红,演出于,燕喜茶园
陈小奎,演出于,丹桂茶园
陈小奎,演出于,春仙茶园
陈小奎,演出于,景泰茶园
朱得福,演出于,丹桂茶园
朱得福,演出于,吉祥园
小金桂,演出于,丹桂茶园
小金桂,演出于,吉祥茶园
小金桂,演出于,春仙茶园
小金桂,演出于,燕喜堂
小茶壶,演出于,丹桂茶园
小月仙,演出于,丹桂茶园
小月仙,演出于,吉祥茶园
小月仙,演出于,春仙茶园
小月仙,演出于,燕舞台
十六红,演出于,丹桂茶园
十六红,演出于,西安园
双桂芬,演出于,丹桂茶园
十四红,演出于,丹桂茶园
李三铃,演出于,丹桂茶园
李三铃,演出于,吉祥茶园
李三铃,演出于,吉祥园
紫梅花,演出于,丹桂茶园
紫梅花,演出于,吉祥茶园
紫梅花,演出于,吉祥园
紫梅花,演出于,吉祥舞台
梅俊生,演出于,丹桂茶园
梅俊生,演出于,吉祥茶园
梅俊生,演出于,吉祥园
王多芬,演出于,丹桂茶园
王多芬,演出于,天和茶园
王多芬,演出于,消闲友会
杨多顺,演出于,丹桂茶园
刘多明,演出于,丹桂茶园
赵多元,演出于,丹桂茶园
金月梅,演出于,丹桂茶园
金月梅,演出于,吉祥茶园
金月梅,演出于,燕喜堂
真金豆,演出于,丹桂茶园
穆春山,演出于,丹桂茶园
穆春山,演出于,吉祥园
穆春山,演出于,春仙茶园
周小奎,演出于,丹桂茶园
奎月亭,演出于,丹桂茶园
奎月亭,演出于,春仙茶园
余小琴,演出于,丹桂茶园
余小琴,演出于,春仙茶园
八花旦,演出于,丹桂茶园
陈桐云,演出于,丹桂茶园
陈桐云,演出于,文明茶园
陈桐云,演出于,同乐茶园
陈桐云,演出于,景泰茶园
吴彩霞,演出于,丹桂茶园
吴彩霞,演出于,文明茶园
吴彩霞,演出于,吉祥大戏院
吴彩霞,演出于,同乐茶园
吴彩霞,演出于,庆乐园
吴彩霞,演出于,庆乐茶园
吴彩霞,演出于,哈尔飞戏院
吴彩霞,演出于,第一舞台
谢宝云,演出于,丹桂茶园
谢宝云,演出于,天乐茶园
谢宝云,演出于,吉祥园
谢宝云,演出于,庆升茶园
德君如,演出于,丹桂茶园
德君如,演出于,庆升茶园
德君如,演出于,庆乐茶园
吴堃芳,演出于,丹桂茶园
汪笔侬,演出于,丹桂茶园
讷绍先,演出于,丹桂茶园
谭金川,演出于,牡丹园春庆社
王幼春,演出于,牡丹园春庆社
孙甫婷,演出于,牡丹园春庆社
杨小珍,演出于,牡丹园春庆社
吴喜昆,演出于,牡丹园春庆社
方洪寿,演出于,牡丹园春庆社
方洪寿,演出于,民乐茶园
七阵风,演出于,牡丹园春庆社
七阵风,演出于,吉祥园
七阵风,演出于,吉祥园双庆社
七阵风,演出于,春仙茶园
韩连宴,演出于,牡丹园春庆社
李胜云,演出于,牡丹园春庆社
吴永同,演出于,牡丹园春庆社
吴永同,演出于,吉祥园
筱凤台,演出于,牡丹园春庆社
吴少亭,演出于,牡丹园春庆社
马振奎,演出于,牡丹园春庆社
马振奎,演出于,天和茶园
马振奎,演出于,歌舞台
李和方,演出于,牡丹园春庆社
樊桂寿,演出于,牡丹园春庆社
程艳秋,演出于,牡丹园春庆社
程艳秋,演出于,消闲友会
江顺仙,演出于,牡丹园春庆社
江顺仙,演出于,天乐茶园
李喜平,演出于,牡丹园春庆社
黄树卿,演出于,牡丹园春庆社
钱福才,演出于,牡丹园春庆社
钱福才,演出于,天乐茶园
钱福才,演出于,吉祥舞台
钱福才,演出于,燕舞台
侯益祥,演出于,丹桂园福寿班
刘益峰,演出于,丹桂园福寿班
刘庆云,演出于,丹桂园福寿班
李益仲,演出于,丹桂园福寿班
王玉山,演出于,丹桂园福寿班
张荫山,演出于,丹桂园福寿班
樊治清,演出于,丹桂园福寿班
侯玉山,演出于,丹桂园福寿班
侯玉山,演出于,同乐茶园
孙益永,演出于,丹桂园福寿班
陶振江,演出于,丹桂园福寿班
陶振江,演出于,天乐茶园
陶振江,演出于,同乐茶园
邱会廷,演出于,丹桂园福寿班
张荣秀,演出于,丹桂园福寿班
刘益峯,演出于,丹桂园福寿班
白玉田,演出于,丹桂园福寿班
白玉田,演出于,天乐茶园
孙福寿,演出于,丹桂园福寿班
朱文俊,演出于,丹桂园福寿班
崔连合,演出于,丹桂园福寿班
韩子峰,演出于,丹桂园福寿班
韩子峰,演出于,同乐茶园
王玉树,演出于,丹桂园福寿班
苗益山,演出于,丹桂园福寿班
白建桥,演出于,丹桂园福寿班
白建桥,演出于,天乐茶园
范益林,演出于,丹桂园福寿班
王风玉,演出于,升平茶园
丁风云,演出于,升平茶园
郭风仙,演出于,升平茶园
杨翠云,演出于,升平茶园
青菊花,演出于,升平茶园
青菊花,演出于,魁华舞台
郭风云,演出于,升平茶园
小兰芬,演出于,升平茶园
郑俊卿,演出于,升平茶园
冯玉宝,演出于,升平茶园
小风菊,演出于,升平茶园
小金顺,演出于,升平茶园
小金顺,演出于,乐舞台
小金顺,演出于,燕喜堂
小？顺,演出于,升平茶园
王小霞,演出于,升平茶园
王瑞霞,演出于,升平茶园
于彩霞,演出于,升平茶园
胡月仙,演出于,升平茶园
郭德风,演出于,升平茶园
王素琴,演出于,升平茶园
王素芬,演出于,升平茶园
小桂云,演出于,升平茶园
小桂云,演出于,乐舞台
麻子红,演出于,升平茶园
麻子红,演出于,吉祥茶园
麻子红,演出于,第一舞台
麻子红,演出于,燕喜茶园
麻子红,演出于,燕舞台
安桂秌,演出于,升平茶园
任贵卿,演出于,升平茶园
张菊芬,演出于,升平茶园
施桂喜,演出于,升平茶园
金风云,演出于,升平茶园
施桂云,演出于,升平茶园
周凤鸣,演出于,天乐茶园
小玉武,演出于,天乐茶园
小玉武,演出于,景泰茶园
刘玉太,演出于,天乐茶园
刘玉太,演出于,吉祥大戏院
刘玉太,演出于,庆乐戏院
刘玉太,演出于,哈尔飞戏院
小洪福,演出于,天乐茶园
李玉祥,演出于,天乐茶园
李玉祥,演出于,景泰茶园
小洪春,演出于,天乐茶园
高月秋,演出于,天乐茶园
高月秋,演出于,景泰茶园
高月秋,演出于,浙江温处助账义务戏
刘玉方,演出于,天乐茶园
王玉文,演出于,天乐茶园
谢春兆,演出于,天乐茶园
钱子香,演出于,天乐茶园
钱子香,演出于,同益茶园
李雨亭,演出于,天乐茶园
王玉本,演出于,天乐茶园
王玉本,演出于,景泰茶园
周玉禄,演出于,天乐茶园
李玉安,演出于,天乐茶园
李玉安,演出于,文明茶园
张宝昆,演出于,天乐茶园
张宝昆,演出于,文明茶园
张宝昆,演出于,同乐园松庆社
胡素仙,演出于,天乐茶园
胡素仙,演出于,文明茶园
胡素仙,演出于,同乐园松庆社
胡素仙,演出于,景泰茶园
沈福山,演出于,天乐茶园
沈福山,演出于,华乐园
沈福山,演出于,同乐茶园
沈福山,演出于,庆乐园
沈福山,演出于,庆乐茶园
陈鸿禧,演出于,天乐茶园
田雨农,演出于,天乐茶园
田雨农,演出于,同益茶园
田雨农,演出于,春仙茶园
牡丹花,演出于,天乐茶园
牡丹花,演出于,乐舞台
牡丹花,演出于,吉祥舞台
牡丹花,演出于,第一舞台
牡丹花,演出于,燕舞台
高玉元,演出于,天乐茶园
高玉元,演出于,同益茶园
高玉元,演出于,景泰茶园
恒乐亭,演出于,天乐茶园
恒乐亭,演出于,春仙茶园
小德顺,演出于,天乐茶园
小德顺,演出于,景泰茶园
小德云,演出于,天乐茶园
小庆云,演出于,天乐茶园
王老九,演出于,天乐茶园
阎玉禄,演出于,天乐茶园
台玉武,演出于,天乐茶园
台玉武,演出于,景泰茶园
刘仲英,演出于,天乐茶园
张金奎,演出于,天乐茶园
张金奎,演出于,春仙茶园
周三元,演出于,天乐茶园
狄春僊,演出于,天乐茶园
高四保,演出于,天乐茶园
高四保,演出于,文明茶园
高四保,演出于,春仙茶园
高四保,演出于,景泰茶园
黄永升,演出于,天乐茶园
小金升,演出于,天乐茶园
小鸿庆,演出于,天乐茶园
屈兆奎,演出于,天乐茶园
屈兆奎,演出于,文明茶园
王玉瑞,演出于,天乐茶园
马连登,演出于,天乐茶园
冯金寿,演出于,天乐茶园
张宝崐,演出于,天乐茶园
陈鸿喜,演出于,天乐茶园
陈鸿喜,演出于,吉祥茶园
李春恒,演出于,天乐茶园
李春恒,演出于,同益茶园
李春恒,演出于,哈尔飞戏院
李春恒,演出于,第一舞台
李春恒,演出于,燕舞台
贾洪林,演出于,天乐茶园
贾洪林,演出于,吉祥园
贾洪林,演出于,第一舞台
罗福山,演出于,天乐茶园
罗福山,演出于,吉祥园
罗福山,演出于,吉祥园双庆社
罗福山,演出于,同乐茶园
罗福山,演出于,庆乐茶园
罗福山,演出于,消闲友会
小客串,演出于,天乐茶园
小客串,演出于,开明戏院
小客串,演出于,文明茶园
小客串,演出于,吉祥舞台
小客串,演出于,堂会义务戏戏单
屈玉春,演出于,天乐茶园
苏桂珍,演出于,天乐茶园
苏桂珍,演出于,歌舞台
苏桂珍,演出于,燕舞台
姜顺僊,演出于,天乐茶园
清客串,演出于,天乐茶园
清客串,演出于,春仙茶园
清客串,演出于,吉祥舞台
李老七,演出于,天乐茶园
王五十,演出于,天乐茶园
刘玉松,演出于,天乐茶园
屈兆魁,演出于,天乐茶园
谢宝奎,演出于,天乐茶园
陆杏林,演出于,天乐茶园
陆杏林,演出于,同乐园松庆社
陆杏林,演出于,第一舞台
韩玉春,演出于,天乐茶园
韩玉春,演出于,文明茶园
陈福胜,演出于,天乐茶园
陈福胜,演出于,同乐园松庆社
狄春仙,演出于,天乐茶园
狄春仙,演出于,天和茶园
刘春亭,演出于,天乐茶园
刘春亭,演出于,开明戏院
刘春亭,演出于,同益茶园
张玉峯,演出于,天乐茶园
张玉峯,演出于,吉祥舞台
韩玉甫,演出于,天乐茶园
李玉庭,演出于,天乐茶园
许洪祥,演出于,天乐茶园
许洪祥,演出于,歌舞台
一块玉,演出于,天乐茶园
张子峰,演出于,天乐茶园
张子峰,演出于,同益茶园
张子峰,演出于,景泰茶园
李仲连,演出于,天乐茶园
周瑞齐,演出于,天乐茶园
金玉川,演出于,天乐茶园
白茂斋,演出于,天乐茶园
朱玉鳌,演出于,天乐茶园
朱玉鳌,演出于,同乐茶园
马凤彩,演出于,天乐茶园
马凤彩,演出于,同乐茶园
王金锁,演出于,天乐茶园
王金锁,演出于,同乐茶园
张福元,演出于,天乐茶园
侯益太,演出于,天乐茶园
王益友,演出于,天乐茶园
王益友,演出于,同乐茶园
梁玉和,演出于,天乐茶园
郭蓬莱,演出于,天乐茶园
胡庆和,演出于,天乐茶园
胡庆和,演出于,同乐茶园
韩世昌,演出于,天乐茶园
韩世昌,演出于,同乐茶园
韩世昌,演出于,消闲友会
齐凤山,演出于,天乐茶园
朱小义,演出于,天乐茶园
朱小义,演出于,同乐茶园
王益朋,演出于,天乐茶园
白云亭,演出于,天乐茶园
白云亭,演出于,同乐茶园
郭凤鸣,演出于,天乐茶园
侯益才,演出于,天乐茶园
韩子云,演出于,天乐茶园
韩子云,演出于,吉祥茶园
韩子云,演出于,同乐茶园
韩子云,演出于,春仙茶园
陈荣会,演出于,天乐茶园
陈荣会,演出于,同乐茶园
国尽臣,演出于,天乐茶园
陶显亭,演出于,天乐茶园
陶显亭,演出于,同乐茶园
郝振基,演出于,天乐茶园
郝振基,演出于,同乐茶园
侯炳五,演出于,天乐茶园
侯瑞春,演出于,天乐茶园
王树廷,演出于,天乐茶园
张小发,演出于,天乐茶园
王瑞长,演出于,天乐茶园
侯益隆,演出于,天乐茶园
侯益隆,演出于,同乐茶园
张小生,演出于,天乐茶园
王树云,演出于,天乐茶园
王树云,演出于,同乐茶园
胡庆元,演出于,天乐茶园
胡庆元,演出于,同乐茶园
张文生,演出于,天乐茶园
张文生,演出于,同乐茶园
侯五状,演出于,天乐茶园
侯海云,演出于,天乐茶园
侯海云,演出于,同乐茶园
吴荣英,演出于,天乐茶园
吴荣英,演出于,同乐茶园
马凤鸣,演出于,天乐茶园
李宝成,演出于,天乐茶园
樊连池,演出于,天乐茶园
高二秃,演出于,天乐茶园
高二秃,演出于,同乐茶园
张子发,演出于,天乐茶园
吴荥英,演出于,天乐茶园
白月桥,演出于,天乐茶园
白月桥,演出于,同乐茶园
侯五山,演出于,天乐茶园
张明兰,演出于,天乐茶园
李福杯,演出于,天乐茶园
梁玉如,演出于,天乐茶园
李治,演出于,天乐茶园
王瑞良,演出于,天乐茶园
李福林,演出于,天乐茶园
李鸣玉,演出于,华乐园
李鸣玉,演出于,消闲友会
孙甫庭,演出于,华乐园
李广顺,演出于,华乐园
李广顺,演出于,开明戏院
赵芝香,演出于,华乐园
赵芝香,演出于,吉祥园双庆社
赵芝香,演出于,吉祥园
赵芝香,演出于,同乐茶园
赵芝香,演出于,消闲友会
茹富兰,演出于,华乐园
茹富兰,演出于,开明戏院
诸连顺,演出于,华乐园
张鸣才,演出于,华乐园
郝连香,演出于,华乐园
陆富康,演出于,华乐园
赵富春,演出于,华乐园
十阵风,演出于,华乐园
十阵风,演出于,春仙茶园
孟大明,演出于,华乐园
荣蝶仙,演出于,华乐园
荣蝶仙,演出于,文明茶园
荣蝶仙,演出于,吉祥园
荣蝶仙,演出于,同乐园松庆社
荣蝶仙,演出于,春仙茶园
茹富惠,演出于,华乐园
茹富惠,演出于,华乐戏院
茹富惠,演出于,吉祥大戏院
茹富惠,演出于,哈尔飞戏院
王又全,演出于,华乐园
周绍筠,演出于,华乐园
张英奎,演出于,华乐园
张英奎,演出于,开明戏院
赵润田,演出于,华乐园
石燕棠,演出于,华乐园
谢信臣,演出于,华乐园
景立棠,演出于,华乐园
燕山居士,演出于,华乐园
碧艳霞,演出于,华乐园
素秋女士,演出于,华乐园
宝珠女士,演出于,华乐园
吕长福,演出于,华乐园
赵宝田,演出于,华乐园
金凌蝉,演出于,华乐园
刘燕侠,演出于,华乐园
王又荃,演出于,华乐园
王又荃,演出于,开明戏院
王又荃,演出于,长安大戏院
王又荃,演出于,消闲友会
陈喜兴,演出于,华乐园
陈喜兴,演出于,华乐戏院
李慧琴,演出于,华乐园
李慧琴,演出于,哈尔飞戏院
李玉泰,演出于,华乐园
李玉泰,演出于,第一舞台
李洪福,演出于,华乐园
叶盛兰,演出于,华乐园
叶盛兰,演出于,吉祥大戏院
叶盛兰,演出于,哈尔飞戏院
叶盛兰,演出于,消闲友会
何佩华,演出于,华乐园
何佩华,演出于,吉祥大戏院
何佩华,演出于,吉祥戏院
何佩华,演出于,庆乐戏院
何佩华,演出于,哈尔飞戏院
何佩华,演出于,新新戏院
高连峰,演出于,华乐园
高连峰,演出于,吉祥大戏院
曹连孝,演出于,华乐园
曹连孝,演出于,吉祥大戏院
曹连孝,演出于,吉祥戏院
曹连孝,演出于,消闲友会
茹富蕙,演出于,华乐园
茹富蕙,演出于,开明戏院
茹富蕙,演出于,新新戏院
高盛麟,演出于,华乐园
高盛麟,演出于,庆乐戏院
高盛麟,演出于,哈尔飞戏院
高盛麟,演出于,新新戏院
高盛麟,演出于,消闲友会
毛盛荣,演出于,华乐园
董富申,演出于,华乐园
董富申,演出于,吉祥舞台
陶玉芝,演出于,华乐园
陶玉芝,演出于,开明戏院
陶玉芝,演出于,吉祥大戏院
霍仲三,演出于,华乐园
霍仲三,演出于,华乐戏院
霍仲三,演出于,开明戏院
霍仲三,演出于,长安大戏院
霍仲三,演出于,吉祥大戏院
霍仲三,演出于,哈尔飞戏院
霍仲三,演出于,第一舞台
赵绮霞,演出于,华乐园
赵绮霞,演出于,吉祥大戏院
赵绮霞,演出于,吉祥戏院
赵绮霞,演出于,哈尔飞戏院
赵绮霞,演出于,消闲友会
高荣亭,演出于,华乐园
高荣亭,演出于,长安大戏院
高荣亭,演出于,吉祥大戏院
高荣亭,演出于,庆乐戏院
高荣亭,演出于,哈尔飞戏院
孙福亮,演出于,华乐戏院
孙福亮,演出于,吉祥大戏院
孙福亮,演出于,消闲友会
姜铁麟,演出于,华乐戏院
韩铁奎,演出于,华乐戏院
徐铁龙,演出于,华乐戏院
张龄童,演出于,华乐戏院
张鸿生,演出于,华乐戏院
义小亭,演出于,华乐戏院
霍明如,演出于,华乐戏院
霍明如,演出于,吉祥大戏院
霍明如,演出于,歌舞台
张富湘,演出于,华乐戏院
张富湘,演出于,吉祥舞台
王美云,演出于,华乐戏院
关丽卿,演出于,华乐戏院
关丽卿,演出于,吉祥戏院
陈少五,演出于,华乐戏院
陈少五,演出于,开明戏院
陈少五,演出于,吉祥园
陈少五,演出于,吉祥大戏院
陈少五,演出于,庆乐戏院
陈少五,演出于,哈尔飞戏院
陈少五,演出于,消闲友会
朱世奎,演出于,华乐戏院
罗世翰,演出于,华乐戏院
袁世勇,演出于,华乐戏院
徐东明,演出于,华乐戏院
张星洲,演出于,华乐戏院
张星洲,演出于,庆乐戏院
李继香,演出于,华乐戏院
云鹏,演出于,华乐戏院
李庆才,演出于,华乐戏院
李庆才,演出于,哈尔飞戏院
李玉太,演出于,华乐戏院
李玉太,演出于,哈尔飞戏院
李玉太,演出于,新新大戏院
陶玉树,演出于,华乐戏院
陶玉树,演出于,开明戏院
陶玉树,演出于,吉祥大戏院
陶玉树,演出于,哈尔飞戏院
焦凤池,演出于,华乐戏院
焦凤池,演出于,开明戏院
钱德明,演出于,华乐戏院
钱德明,演出于,哈尔飞戏院
郭世贻,演出于,华乐戏院
王士英,演出于,华乐戏院
王士英,演出于,哈尔飞戏院
张树田,演出于,华乐戏院
张树田,演出于,长安大戏院
任富宝,演出于,华乐戏院
任富宝,演出于,哈尔飞戏院
诸子良,演出于,华乐戏院
时青山,演出于,华乐戏院
时青山,演出于,哈尔飞戏院
刘素芬,演出于,天和茶园
刘殿甲,演出于,天和茶园
刘素珍,演出于,天和茶园
孙老德,演出于,天和茶园
赵德发,演出于,天和茶园
王鹤年,演出于,天和茶园
水鲜花,演出于,天和茶园
诸广臣,演出于,天和茶园
小莲花,演出于,天和茶园
小莲花,演出于,庆乐园
王忠和,演出于,天和茶园
韩瑞成,演出于,天和茶园
周福才,演出于,天和茶园
高文仲,演出于,天和茶园
赵福月,演出于,天和茶园
诸广德,演出于,天和茶园
小桂喜,演出于,天和茶园
金雨亭,演出于,天和茶园
小玉如,演出于,天和茶园
张玉兰,演出于,天和茶园
杨风林,演出于,天和茶园
张红霞,演出于,天和茶园
董菊芳,演出于,天和茶园
王惠芬,演出于,天和茶园
小四喜,演出于,天和茶园
小四喜,演出于,燕喜堂
王桂芬,演出于,天和茶园
师翠仙,演出于,天和茶园
于少奎,演出于,天和茶园
小四青,演出于,天和茶园
于茂茹,演出于,天和茶园
金仙君,演出于,天和茶园
世福臣,演出于,天和茶园
德子文,演出于,天和茶园
德子文,演出于,景泰茶园
德子文,演出于,消闲友会
郭子明,演出于,天和茶园
殿佑臣,演出于,天和茶园
连仲三,演出于,天和茶园
连仲三,演出于,西安园
连仲三,演出于,景泰茶园
沈俊臣,演出于,天和茶园
福君寿山,演出于,天和茶园
支仲英,演出于,天和茶园
唐荣祥,演出于,天和茶园
尹晓峰,演出于,天和茶园
刘君桂亭,演出于,天和茶园
谭春仲,演出于,天和茶园
谭春仲,演出于,开明戏院
谭春仲,演出于,吉祥茶园
郝君杰臣,演出于,天和茶园
刘君事痴,演出于,天和茶园
六阵风,演出于,天和茶园
六阵风,演出于,歌舞台
李振山,演出于,天和茶园
高维廉,演出于,开明戏院
高维廉,演出于,哈尔飞戏院
王碧臣,演出于,开明戏院
董文■,演出于,开明戏院
韩月■,演出于,开明戏院
方玉珍,演出于,开明戏院
白庆祥,演出于,开明戏院
白庆祥,演出于,哈尔飞戏院
李福友,演出于,开明戏院
李福友,演出于,哈尔飞戏院
刘斌升,演出于,开明戏院
刘斌升,演出于,第一舞台
刘斌升,演出于,消闲友会
李德元,演出于,开明戏院
张美云,演出于,开明戏院
张凤鸣,演出于,开明戏院
梁桂亭,演出于,开明戏院
华曼秋,演出于,开明戏院
冯玉仙,演出于,开明戏院
王凤如,演出于,开明戏院
律凤霞,演出于,开明戏院
周瑞翔,演出于,开明戏院
李玉卿,演出于,开明戏院
李玉卿,演出于,吉祥茶园
王红喜,演出于,开明戏院
徐斌寿,演出于,开明戏院
徐斌寿,演出于,吉祥大戏院
徐斌寿,演出于,消闲友会
金茂如,演出于,开明戏院
赵静塵,演出于,开明戏院
董碧兰,演出于,开明戏院
董碧兰,演出于,吉祥大戏院
霍益仲,演出于,开明戏院
程玉菁,演出于,开明戏院
言菊朋,演出于,开明戏院
言菊朋,演出于,哈尔飞戏院
言菊朋,演出于,第一舞台
言菊朋,演出于,消闲友会
陆喜才,演出于,开明戏院
陆喜才,演出于,长安大戏院
陆喜才,演出于,吉祥大戏院
陆喜才,演出于,吉祥戏院
陆喜才,演出于,庆升茶园
陆喜才,演出于,第一舞台
赵韵声,演出于,开明戏院
高富遠,演出于,开明戏院
慈永勝,演出于,开明戏院
贯盛籍,演出于,开明戏院
陈盛太,演出于,开明戏院
王德禄,演出于,开明戏院
王德禄,演出于,哈尔飞戏院
王德禄,演出于,第一舞台
新麗琴,演出于,开明戏院
珍珠花,演出于,开明戏院
珍珠花,演出于,魁华舞台
巧艳梅,演出于,开明戏院
安冠英,演出于,开明戏院
安冠英,演出于,同乐园
李桂琴,演出于,开明戏院
小白玉双,演出于,开明戏院
单宝峰,演出于,开明戏院
碧月珠,演出于,开明戏院
孙景芳,演出于,开明戏院
凤云仙,演出于,开明戏院
活傻子,演出于,开明戏院
花凤仙,演出于,开明戏院
小金花,演出于,开明戏院
李小兰,演出于,开明戏院
单小桂,演出于,开明戏院
王文元,演出于,开明戏院
王文元,演出于,消闲友会
单宝珍,演出于,开明戏院
邢玉清,演出于,开明戏院
郭铭甫,演出于,开明戏院
孙焕发,演出于,开明戏院
孙宝亭,演出于,开明戏院
小白玉雪,演出于,开明戏院
小艳楼,演出于,开明戏院
安凤蝶,演出于,开明戏院
禹景泉,演出于,开明戏院
何永富,演出于,开明戏院
孙小亭,演出于,开明戏院
龔万才,演出于,开明戏院
焦景俊,演出于,开明戏院
焦铭钰,演出于,开明戏院
张桂亭,演出于,开明戏院
宋继亭,演出于,开明戏院
宋继亭,演出于,新新大戏院
赵春锦,演出于,开明戏院
赵春锦,演出于,吉祥大戏院
赵春锦,演出于,哈尔飞戏院
赵春锦,演出于,第一舞台
李一车,演出于,开明戏院
李一车,演出于,哈尔飞戏院
李一车,演出于,燕舞台
乔玉林,演出于,开明戏院
乔玉林,演出于,庆乐茶园
乔玉林,演出于,景泰茶园
朱琴心,演出于,开明戏院
朱琴心,演出于,消闲友会
裘桂仙,演出于,开明戏院
裘桂仙,演出于,吉祥园双庆社
裘桂仙,演出于,吉祥园
裘桂仙,演出于,吉祥茶园
裘桂仙,演出于,消闲友会
余叔岩,演出于,开明戏院
余叔岩,演出于,消闲友会
沈三玉,演出于,开明戏院
沈三玉,演出于,民乐茶园
沈三玉,演出于,哈尔飞戏院
俞振庭,演出于,开明戏院
俞振庭,演出于,文明茶园
俞振庭,演出于,吉祥园
俞振庭,演出于,吉祥园双庆社
俞振庭,演出于,消闲友会
王菊芳,演出于,开明戏院
王菊芳,演出于,第一舞台
安乐亭,演出于,开明戏院
安乐亭,演出于,同乐茶园
第一怪,演出于,开明戏院
第一怪,演出于,吉祥舞台
孟洪寿,演出于,开明戏院
鲍顺义,演出于,开明戏院
俞赞庭,演出于,开明戏院
俞赞庭,演出于,吉祥园双庆社
俞赞庭,演出于,吉祥园
朱素云,演出于,开明戏院
朱素云,演出于,消闲友会
衆学生,演出于,文明茶园
韵秀,演出于,文明茶园
国兴,演出于,文明茶园
小益芳,演出于,文明茶园
小益芳,演出于,消闲友会
小梅,演出于,文明茶园
孙六,演出于,文明茶园
赵仙放,演出于,文明茶园
陆六,演出于,文明茶园
福■,演出于,文明茶园
五奎,演出于,文明茶园
学生,演出于,文明茶园
学生,演出于,庆升茶园
学生,演出于,春仙茶园
学生,演出于,消闲友会
永庆,演出于,文明茶园
永虎,演出于,文明茶园
永龙,演出于,文明茶园
永顯,演出于,文明茶园
永增,演出于,文明茶园
永祯,演出于,文明茶园
玉林,演出于,文明茶园
玉福,演出于,文明茶园
小朱四,演出于,文明茶园
佩芝,演出于,文明茶园
佩玉,演出于,文明茶园
陈彩林,演出于,文明茶园
吴松泉,演出于,文明茶园
韦处,演出于,文明茶园
瑞四,演出于,文明茶园
陈鸣奎,演出于,文明茶园
杨小朶,演出于,文明茶园
徐立堂,演出于,文明茶园
梅荣齊,演出于,文明茶园
曹桂红,演出于,文明茶园
曹桂荣,演出于,文明茶园
刘桂英,演出于,文明茶园
金宝林,演出于,文明茶园
邓俊峰,演出于,文明茶园
翟桂云,演出于,文明茶园
翟桂云,演出于,燕喜堂
金桂林,演出于,文明茶园
于子霞,演出于,文明茶园
小云楼,演出于,文明茶园
小云楼,演出于,第一舞台
孙一清,演出于,文明茶园