演员,关系,戏院
一升雷,演出于,人和园
孟小兰,演出于,人和园
孟小卿,演出于,人和园
达子红,演出于,人和园
达子红,演出于,春仙茶园
盖天红,演出于,人和园
盖天红,演出于,广乐茶园
丁香花,演出于,人和园
丁香花,演出于,春仙茶园
盖兰州,演出于,人和园
盖兰州,演出于,燕舞台
玻璃翠,演出于,人和园
玻璃翠,演出于,广兴茶园
玻璃翠,演出于,中和茶园
玻璃翠,演出于,春仙茶园
玻璃翠,演出于,景泰茶园
玻璃翠,演出于,德泉戏园
玻璃翠,演出于,燕喜茶园
玻璃翠,演出于,燕喜堂
六岁红,演出于,人和园
六岁红,演出于,春仙茶园
金香翠,演出于,人和园
小十二旦,演出于,人和园
自来香,演出于,人和园
小玉红,演出于,人和园
小玉红,演出于,升平茶园
小玉红,演出于,吉祥茶园
小玉红,演出于,吉祥园
小玉芬,演出于,人和园
小玉芬,演出于,吉祥茶园
小玉芬,演出于,吉祥园
小玉芬,演出于,春仙茶园
小玉芬,演出于,第一舞台
小月楼,演出于,人和园
小月楼,演出于,文明茶园
小月楼,演出于,吉祥园
小月楼,演出于,春仙茶园
小月楼,演出于,燕舞台
小月楼,演出于,堂会义务戏戏单
七金子,演出于,人和园
七金子,演出于,吉祥园
七金子,演出于,西安园
七金子,演出于,春仙茶园
小连仲,演出于,人和园
小连仲,演出于,春仙茶园
崔德林,演出于,三庆园
陈喜光,演出于,三庆园
陈喜光,演出于,开明戏院
陈喜光,演出于,吉祥大戏院
陈喜光,演出于,哈尔飞戏院
陈喜光,演出于,春仙茶园
张娃娃,演出于,三庆园
张娃娃,演出于,春仙茶园
上海新到小小十三旦,演出于,三庆园
张喜和,演出于,三庆园
张喜和,演出于,广德楼
张喜和,演出于,庆升茶园
金连寿,演出于,三庆园
金连寿,演出于,广德楼
金连寿,演出于,牡丹园春庆社
何连涛,演出于,三庆园
何连涛,演出于,广和楼
何连涛,演出于,广德楼
何连涛,演出于,中和戏院
何连涛,演出于,消闲友会
殷连瑞,演出于,三庆园
殷连瑞,演出于,广和楼
张连芬,演出于,三庆园
张连芬,演出于,广德楼
小金红,演出于,三庆园
小金红,演出于,三庆茶园
小金红,演出于,燕喜茶园
程连喜,演出于,三庆园
程连喜,演出于,吉祥茶园
程连喜,演出于,吉祥园斌广社
明娃娃,演出于,三庆园
明娃娃,演出于,吉祥舞台
明娃娃,演出于,庆升茶园
明娃娃,演出于,春仙茶园
水上漂,演出于,三庆园
水上漂,演出于,广乐茶园
金丝红,演出于,三庆园
金丝红,演出于,广德楼
金丝红,演出于,庆升茶园
金丝红,演出于,春仙茶园
小百岁,演出于,三庆园
小百岁,演出于,广德楼
小百岁,演出于,丹桂茶园
小百岁,演出于,吉祥园斌广社
小百岁,演出于,庆升茶园
小百岁,演出于,庆乐园
小百岁,演出于,春仙茶园
小百岁,演出于,燕舞台
李喜兰,演出于,三庆园
李喜兰,演出于,广德楼
小穆子,演出于,三庆园
小穆子,演出于,广德楼
小穆子,演出于,文明茶园
小穆子,演出于,庆升茶园
小穆子,演出于,春仙茶园
曹小凤,演出于,三庆园
曹小凤,演出于,大舞台
曹小凤,演出于,景泰茶园
何春升,演出于,三庆园
何春升,演出于,广德楼
何春升,演出于,庆升茶园
赵喜魁,演出于,三庆园
赵喜魁,演出于,广德楼
赵喜魁,演出于,庆升茶园
钟连明,演出于,三庆园
元元旦,演出于,三庆园
元元旦,演出于,广德楼
元元旦,演出于,文明茶园
元元旦,演出于,庆升茶园
元元旦,演出于,春仙茶园
侯喜瑞,演出于,三庆园
侯喜瑞,演出于,广德楼
侯喜瑞,演出于,中和戏院
侯喜瑞,演出于,开明戏院
侯喜瑞,演出于,吉祥大戏院
侯喜瑞,演出于,吉祥戏院
侯喜瑞,演出于,庆升茶园
侯喜瑞,演出于,哈尔飞戏院
侯喜瑞,演出于,新明剧场
侯喜瑞,演出于,消闲友会
侯喜瑞,演出于,堂会义务戏戏单
凖演康喜寿,演出于,三庆园
刘喜益,演出于,三庆园
刘喜益,演出于,庆升茶园
云中凤,演出于,三庆园
云中凤,演出于,广乐茶园
云中凤,演出于,广德楼
云中凤,演出于,吉祥园
云中凤,演出于,庆乐戏园
云中凤,演出于,庆乐戏院
云中凤,演出于,庆乐戏院奎德社
云中凤,演出于,春仙茶园
钟喜乆,演出于,三庆园
迟喜珠,演出于,三庆园
迟喜珠,演出于,广德楼
迟喜珠,演出于,春仙茶园
钟连鸣,演出于,三庆园
殷连魁,演出于,三庆园
殷连魁,演出于,广德楼
张喜福,演出于,三庆园
张喜福,演出于,广德楼
张喜福,演出于,庆升茶园
水上飃,演出于,三庆园
明娃娃红,演出于,三庆园
明娃娃红,演出于,广德楼
凖演金丝红,演出于,三庆园
凖演元元旦,演出于,三庆园
小十一红,演出于,三庆园
郭喜庆,演出于,三庆园
郭喜庆,演出于,广德楼
郭喜庆,演出于,庆升茶园
凖演小穆子,演出于,三庆园
小德子,演出于,三庆园
小德子,演出于,广乐茶园
小德子,演出于,广德楼
小德子,演出于,庆升茶园
刘喜怡,演出于,三庆园
刘喜怡,演出于,广德楼
刘凤林,演出于,三庆园
刘凤林,演出于,丹桂茶园
刘凤林,演出于,华乐园
刘凤林,演出于,吉祥园
刘凤林,演出于,吉祥园双庆社
刘凤林,演出于,同乐茶园
李连仲,演出于,三庆园
李连仲,演出于,天乐茶园
李连仲,演出于,吉祥园双庆社
李连仲,演出于,吉祥园
李连仲,演出于,同乐茶园
李连仲,演出于,同乐园
李连仲,演出于,庆乐园
李连仲,演出于,庆乐茶园
李连仲,演出于,春仙茶园
李连仲,演出于,第一舞台
李连仲,演出于,景泰茶园
王长林,演出于,三庆园
王长林,演出于,天乐茶园
王长林,演出于,同乐茶园
王长林,演出于,庆乐园
王长林,演出于,庆乐茶园
王长林,演出于,春仙茶园
王长林,演出于,第一舞台
王长林,演出于,景泰茶园
王长林,演出于,新明剧场
王长林,演出于,消闲友会
张如亭,演出于,三庆园
张如亭,演出于,同乐茶园
慈瑞泉,演出于,三庆园
慈瑞泉,演出于,大舞台
慈瑞泉,演出于,广和楼
慈瑞泉,演出于,中和戏院
慈瑞泉,演出于,中和大戏院
慈瑞泉,演出于,华乐园
慈瑞泉,演出于,华乐戏院
慈瑞泉,演出于,开明戏院
慈瑞泉,演出于,长安大戏院
慈瑞泉,演出于,吉祥戏院
慈瑞泉,演出于,同乐茶园
慈瑞泉,演出于,第一舞台
慈瑞泉,演出于,景泰茶园
慈瑞泉,演出于,新新大戏院
慈瑞泉,演出于,消闲友会
程继仙,演出于,三庆园
程继仙,演出于,文明茶园
程继仙,演出于,吉祥园
程继仙,演出于,吉祥园双庆社
程继仙,演出于,哈尔飞戏院
程继仙,演出于,第一舞台
白牡丹,演出于,三庆园
白牡丹,演出于,广兴茶园
白牡丹,演出于,牡丹园春庆社
白牡丹,演出于,乐舞台
白牡丹,演出于,民乐茶园
白牡丹,演出于,吉祥园
白牡丹,演出于,同乐茶园
白牡丹,演出于,庆乐园
白牡丹,演出于,庆乐茶园
白牡丹,演出于,第一舞台
白牡丹,演出于,燕喜堂
白牡丹,演出于,燕舞台
白牡丹,演出于,堂会义务戏戏单
孙砚亭,演出于,三庆园
孙砚亭,演出于,同乐茶园
张彩林,演出于,三庆园
张彩林,演出于,广和楼
张彩林,演出于,牡丹园春庆社
张彩林,演出于,文明茶园
张彩林,演出于,春仙茶园
高庆奎,演出于,三庆园
高庆奎,演出于,天乐茶园
高庆奎,演出于,华乐园
高庆奎,演出于,文明茶园
高庆奎,演出于,吉祥园
高庆奎,演出于,吉祥园双庆社
高庆奎,演出于,春仙茶园
麻木子,演出于,三庆园
麻木子,演出于,大舞台
麻木子,演出于,广兴茶园
麻木子,演出于,丹桂茶园
裘桂山,演出于,三庆园
裘桂山,演出于,吉祥园双庆社
傅小山,演出于,三庆园
傅小山,演出于,华乐园
傅小山,演出于,开明戏院
傅小山,演出于,吉祥园
傅小山,演出于,吉祥园双庆社
傅小山,演出于,同乐茶园
傅小山,演出于,庆乐茶园
傅小山,演出于,哈尔飞戏院
傅小山,演出于,景泰茶园
朱相泉,演出于,三庆园
杨韵芳,演出于,三庆园
杨韵芳,演出于,文明茶园
朱桂芬,演出于,三庆园
朱桂芬,演出于,吉祥茶园
朱桂芬,演出于,同乐茶园
朱桂芬,演出于,春仙茶园
王三黑,演出于,三庆园
王三黑,演出于,民乐茶园
王三黑,演出于,庆乐茶园
许德义,演出于,三庆园
许德义,演出于,中和戏院
许德义,演出于,长安大戏院
许德义,演出于,吉祥茶园
许德义,演出于,同乐茶园
许德义,演出于,庆乐园
许德义,演出于,庆乐茶园
许德义,演出于,哈尔飞戏院
迟月亭,演出于,三庆园
迟月亭,演出于,广和楼
迟月亭,演出于,长安大戏院
迟月亭,演出于,吉祥园双庆社
迟月亭,演出于,吉祥园
迟月亭,演出于,吉祥大戏院
迟月亭,演出于,吉祥茶园
迟月亭,演出于,哈尔飞戏院
迟月亭,演出于,第一舞台
范宝亭,演出于,三庆园
范宝亭,演出于,中和戏院
范宝亭,演出于,中和大戏院
范宝亭,演出于,华乐园
范宝亭,演出于,华乐戏院
范宝亭,演出于,开明戏院
范宝亭,演出于,长安大戏院
范宝亭,演出于,长安戏院
范宝亭,演出于,吉祥园双庆社
范宝亭,演出于,吉祥园
范宝亭,演出于,吉祥戏院
范宝亭,演出于,吉祥大戏院
范宝亭,演出于,第一舞台
田春喜,演出于,三庆园
田春喜,演出于,文明茶园
田春喜,演出于,吉祥园
田春喜,演出于,吉祥园双庆社
田春喜,演出于,同乐园松庆社
姜妙香,演出于,三庆园
姜妙香,演出于,中和戏院
姜妙香,演出于,华乐戏院
姜妙香,演出于,文明茶园
姜妙香,演出于,吉祥园
姜妙香,演出于,吉祥园双庆社
姜妙香,演出于,吉祥大戏院
姜妙香,演出于,哈尔飞戏院
姜妙香,演出于,第一舞台
姜妙香,演出于,新新戏院
姜妙香,演出于,消闲友会
李顺亭,演出于,三庆园
李顺亭,演出于,广和楼
李顺亭,演出于,文明茶园
李顺亭,演出于,吉祥园
李顺亭,演出于,吉祥园双庆社
李顺亭,演出于,同乐茶园
李顺亭,演出于,庆升茶园
李顺亭,演出于,庆乐园
李顺亭,演出于,庆乐茶园
李顺亭,演出于,第一舞台
梅兰芳,演出于,三庆园
梅兰芳,演出于,天乐茶园
梅兰芳,演出于,吉祥园
梅兰芳,演出于,吉祥园双庆社
梅兰芳,演出于,第一舞台
梅兰芳,演出于,消闲友会
郭春山,演出于,三庆园
郭春山,演出于,中和戏院
郭春山,演出于,华乐园
郭春山,演出于,文明茶园
郭春山,演出于,长安大戏院
郭春山,演出于,吉祥茶园
郭春山,演出于,吉祥园
郭春山,演出于,吉祥大戏院
郭春山,演出于,吉祥戏院
郭春山,演出于,吉祥园双庆社
郭春山,演出于,同乐茶园
郭春山,演出于,哈尔飞戏院
郭春山,演出于,第一舞台
郭春山,演出于,新新大戏院
郭春山,演出于,新新戏院
王凤卿,演出于,三庆园
王凤卿,演出于,中和戏院
王凤卿,演出于,中和大戏院
王凤卿,演出于,华乐戏院
王凤卿,演出于,开明戏院
王凤卿,演出于,文明茶园
王凤卿,演出于,长安大戏院
王凤卿,演出于,长安戏院
王凤卿,演出于,吉祥园
王凤卿,演出于,吉祥园双庆社
王凤卿,演出于,吉祥戏院
王凤卿,演出于,吉祥大戏院
王凤卿,演出于,第一舞台
王凤卿,演出于,消闲友会
李敬山,演出于,三庆园
李敬山,演出于,大舞台
李敬山,演出于,天乐茶园
李敬山,演出于,吉祥茶园
李敬山,演出于,吉祥园
李敬山,演出于,吉祥园双庆社
李敬山,演出于,同乐园松庆社
李敬山,演出于,同乐茶园
李敬山,演出于,春仙茶园
李敬山,演出于,燕喜茶园
荣长亮,演出于,三庆园
陈春太,演出于,三庆园
张春芳,演出于,三庆园
姚玉芙,演出于,三庆园
姚玉芙,演出于,吉祥园
姚玉芙,演出于,吉祥园双庆社
姚玉芙,演出于,消闲友会
刘鹤亭,演出于,三庆园
刘鹤亭,演出于,广和楼
崔幼春,演出于,三庆园
崔幼春,演出于,吉祥舞台
崔幼春,演出于,庆乐茶园
张荣奎,演出于,三庆园
张荣奎,演出于,牡丹园春庆社
张荣奎,演出于,文明茶园
张荣奎,演出于,吉祥园
张荣奎,演出于,同乐茶园
张荣奎,演出于,庆乐园
张荣奎,演出于,庆乐茶园
张荣奎,演出于,春仙茶园
林春竹,演出于,三庆园
林春竹,演出于,广兴茶园
刘春立,演出于,三庆园
刘春立,演出于,中和戏院
王昆山,演出于,三庆园
王昆山,演出于,庆乐园
万宝奎,演出于,三庆园
诸如香,演出于,三庆园
诸如香,演出于,中和戏院
诸如香,演出于,华乐园
诸如香,演出于,文明茶园
诸如香,演出于,吉祥茶园
诸如香,演出于,吉祥园双庆社
诸如香,演出于,吉祥园
诸如香,演出于,吉祥大戏院
诸如香,演出于,吉祥戏院
诸如香,演出于,庆乐茶园
诸如香,演出于,第一舞台
诸如香,演出于,景泰茶园
诸如香,演出于,新新大戏院
诸如香,演出于,消闲友会
德珺如,演出于,三庆园
德珺如,演出于,大舞台
德珺如,演出于,广和楼
德珺如,演出于,中华舞台
德珺如,演出于,开明戏院
德珺如,演出于,庆乐园
德珺如,演出于,第一舞台
德珺如,演出于,景泰茶园
张文斌,演出于,三庆园
张文斌,演出于,丹桂茶园
张文斌,演出于,牡丹园春庆社
张文斌,演出于,华乐园
张文斌,演出于,文明茶园
张文斌,演出于,同乐茶园
张文斌,演出于,庆乐园
张文斌,演出于,庆乐茶园
张文斌,演出于,第一舞台
周春亭,演出于,三庆园
周春亭,演出于,吉祥大戏院
周春亭,演出于,第一舞台
周春亭,演出于,新新大戏院
周瑞安,演出于,三庆园
周瑞安,演出于,广和楼
周瑞安,演出于,中和戏院
周瑞安,演出于,丹桂茶园
周瑞安,演出于,吉祥大戏院
周瑞安,演出于,庆升园
周瑞安,演出于,春仙茶园
周瑞安,演出于,第一舞台
周瑞安,演出于,新新大戏院
陈玉林,演出于,三庆园
陈玉林,演出于,吉祥园
陈玉林,演出于,吉祥园双庆社
陈玉林,演出于,第一舞台
尚小云,演出于,三庆园
尚小云,演出于,中和戏院
尚小云,演出于,中和大戏院
尚小云,演出于,华乐戏院
尚小云,演出于,开明戏院
尚小云,演出于,长安大戏院
尚小云,演出于,长安戏院
尚小云,演出于,民乐茶园
尚小云,演出于,吉祥戏院
尚小云,演出于,吉祥大戏院
尚小云,演出于,庆乐园
尚小云,演出于,庆乐茶园
尚小云,演出于,第一舞台
尚小云,演出于,新新戏院
尚小云,演出于,消闲友会
罗文奎,演出于,三庆园
罗文奎,演出于,中和戏院
罗文奎,演出于,华乐园
罗文奎,演出于,吉祥园双庆社
罗文奎,演出于,吉祥园
罗文奎,演出于,吉祥大戏院
罗文奎,演出于,庆乐茶园
罗文奎,演出于,庆乐戏院
罗文奎,演出于,哈尔飞戏院
龚云甫,演出于,三庆园
龚云甫,演出于,广和楼
龚云甫,演出于,同乐园松庆社
龚云甫,演出于,庆乐园
龚云甫,演出于,庆乐茶园
龚云甫,演出于,春仙茶园
龚云甫,演出于,景泰茶园
郝寿臣,演出于,三庆园
郝寿臣,演出于,中和戏院
郝寿臣,演出于,天乐茶园
郝寿臣,演出于,华乐园
郝寿臣,演出于,长安大戏院
郝寿臣,演出于,吉祥大戏院
郝寿臣,演出于,同乐园松庆社
郝寿臣,演出于,庆乐园
郝寿臣,演出于,庆乐茶园
郝寿臣,演出于,哈尔飞戏院
郝寿臣,演出于,第一舞台
郝寿臣,演出于,新新戏院
郝寿臣,演出于,消闲友会
王又宸,演出于,三庆园
王又宸,演出于,中和戏院
王又宸,演出于,华乐戏院
王又宸,演出于,文明茶园
王又宸,演出于,庆乐园
王又宸,演出于,庆乐茶园
王又宸,演出于,哈尔飞戏院
董俊峯,演出于,三庆园
董俊峯,演出于,庆乐园
钱宝奎,演出于,三庆园
律佩芳,演出于,三庆园
律佩芳,演出于,牡丹园春庆社
律佩芳,演出于,华乐园
律佩芳,演出于,长安大戏院
律佩芳,演出于,吉祥大戏院
律佩芳,演出于,吉祥茶园
律佩芳,演出于,庆乐茶园
律佩芳,演出于,哈尔飞戏院
律佩芳,演出于,新新大戏院
律佩芳,演出于,消闲友会
雷喜福,演出于,三庆园
雷喜福,演出于,广和楼
雷喜福,演出于,中和戏院
雷喜福,演出于,消闲友会
陆金桂,演出于,三庆园
陆金桂,演出于,大舞台
陆金桂,演出于,广和楼
陆金桂,演出于,天乐茶园
陆金桂,演出于,文明茶园
陆金桂,演出于,景泰茶园
陈文启,演出于,三庆园
陈文启,演出于,文明茶园
陈文启,演出于,吉祥园双庆社
陈文启,演出于,吉祥园
陈文启,演出于,燕舞台
艾云杰,演出于,三庆园
康喜寿,演出于,三庆园
康喜寿,演出于,广德楼
康喜寿,演出于,庆升茶园
康喜寿,演出于,春仙茶园
周喜如,演出于,三庆园
周喜如,演出于,庆升茶园
赵洪庆,演出于,三庆园
艾云飞,演出于,三庆园
艾云飞,演出于,春仙茶园
孙喜云,演出于,三庆园
孙喜云,演出于,广和楼
孙喜云,演出于,丹桂茶园
孙喜云,演出于,庆乐茶园
孙喜云,演出于,春仙茶园
孙喜云,演出于,景泰茶园
孙喜云,演出于,浙江温处助账义务戏
德建堂,演出于,三庆园
德建堂,演出于,大舞台
德建堂,演出于,丹桂茶园
德建堂,演出于,吉祥舞台
德建堂,演出于,春仙茶园
德建堂,演出于,歌舞台
于云鹏,演出于,三庆园
于云鹏,演出于,华乐戏院
于云鹏,演出于,吉祥大戏院
刘景然,演出于,三庆园
刘景然,演出于,大舞台
刘景然,演出于,广和楼
刘景然,演出于,开明戏院
刘景然,演出于,吉祥园双庆社
刘景然,演出于,吉祥园
刘景然,演出于,吉祥茶园
刘景然,演出于,同乐园松庆社
刘景然,演出于,同乐茶园
刘景然,演出于,庆乐园
刘景然,演出于,庆乐茶园
刘景然,演出于,春仙茶园
刘景然,演出于,景泰茶园
沈少田,演出于,三庆园
沈少田,演出于,牡丹园春庆社
闫岚亭,演出于,三庆园
九阵凤,演出于,三庆园
九阵凤,演出于,第一舞台
谭小培,演出于,三庆园
谭小培,演出于,中和戏院
谭小培,演出于,庆升茶园
侯春兰,演出于,三庆园
侯春兰,演出于,广和楼
张春燕,演出于,三庆园
张春燕,演出于,文明茶园
张春燕,演出于,庆乐茶园
瑞德宝,演出于,三庆园
瑞德宝,演出于,广和楼
瑞德宝,演出于,天乐茶园
瑞德宝,演出于,春仙茶园
瑞德宝,演出于,景泰茶园
瑞德宝,演出于,浙江温处助账义务戏
王子石,演出于,三庆园
王子石,演出于,天乐茶园
张某,演出于,三庆园
张黑,演出于,三庆园
张黑,演出于,天乐茶园
张黑,演出于,春仙茶园
李寿山,演出于,三庆园
李寿山,演出于,牡丹园春庆社
李寿山,演出于,文明茶园
李寿山,演出于,吉祥园
李寿山,演出于,吉祥园双庆社
李寿山,演出于,新明剧场
冯惠林,演出于,三庆园
冯惠林,演出于,吉祥园
冯惠林,演出于,景泰茶园
王九龄,演出于,三庆茶园
王九龄,演出于,消闲友会
小寿山,演出于,三庆茶园
小寿山,演出于,吉祥园斌广社
小寿山,演出于,消闲友会
王斌■,演出于,三庆茶园
刘斌宝,演出于,三庆茶园
小玉■,演出于,三庆茶园
小■州,演出于,三庆茶园
王斌珍,演出于,三庆茶园
六六旦,演出于,三庆茶园
二宝红,演出于,三庆茶园
二宝红,演出于,吉祥园斌广社
孟斌海,演出于,三庆茶园
俞少民,演出于,三庆茶园
筱春来,演出于,三庆茶园
小金元,演出于,三庆茶园
小金元,演出于,广兴茶园
小金元,演出于,丹桂茶园
筱云升,演出于,三庆茶园
杨保森,演出于,三庆茶园
小桂花,演出于,三庆茶园
小桂花,演出于,三庆戏院
小桂花,演出于,广德楼
小桂花,演出于,吉祥园斌广社
小桂花,演出于,燕喜堂
小桂花,演出于,消闲友会
小奎官,演出于,三庆茶园
小奎官,演出于,广德楼
小奎官,演出于,吉祥园斌广社
小奎官,演出于,春仙茶园
小奎官,演出于,燕舞台
小奎官,演出于,消闲友会
苏斌太,演出于,三庆茶园
苏斌太,演出于,广德楼
苏斌太,演出于,中和戏院
苏斌太,演出于,开明戏院
苏斌太,演出于,吉祥园斌广社
苏斌太,演出于,哈尔飞戏院
陆凤山,演出于,三庆茶园
小振庭,演出于,三庆茶园
小振庭,演出于,吉祥园双庆社
耿斌福,演出于,三庆茶园
耿斌福,演出于,广德楼
耿斌福,演出于,吉祥园斌广社
耿斌福,演出于,消闲友会
高斌峯,演出于,三庆茶园
高斌峯,演出于,广德楼
韩富信,演出于,三庆茶园
韩富信,演出于,华乐园
姚富才,演出于,三庆茶园
于斌楼,演出于,三庆茶园
俞步兰,演出于,三庆茶园
俞步兰,演出于,广德楼
俞步兰,演出于,哈尔飞戏院
俞步兰,演出于,消闲友会
王斌芬,演出于,三庆茶园
王斌芬,演出于,吉祥园斌广社
王斌芬,演出于,吉祥园双庆社
范斌禄,演出于,三庆茶园
范斌禄,演出于,广德楼
范斌禄,演出于,吉祥大戏院
范斌禄,演出于,哈尔飞戏院
范斌禄,演出于,消闲友会
赵斌忠,演出于,三庆茶园
俞华庭,演出于,三庆茶园
俞华庭,演出于,广德楼
俞华庭,演出于,吉祥园
俞华庭,演出于,吉祥园斌广社
俞华庭,演出于,吉祥园双庆社
俞华庭,演出于,消闲友会
王斌才,演出于,三庆茶园
代斌竹,演出于,三庆茶园
陈斌志,演出于,三庆茶园
李斌祥,演出于,三庆茶园
李斌祥,演出于,广德楼
李斌祥,演出于,哈尔飞戏院
筱菊花,演出于,三庆戏院
筱■花,演出于,三庆戏院
赵艳蓉,演出于,三庆戏院
碧云霞,演出于,三庆戏院
碧彩霞,演出于,三庆戏院
十三妹,演出于,三庆戏院
李筱霞,演出于,三庆戏院
芙蓉花,演出于,三庆戏院
芙蓉花,演出于,同益茶园
花筱仙,演出于,三庆戏院
花云舫,演出于,三庆戏院
刘锡九,演出于,三庆戏院
王万仓,演出于,三庆戏院
李義芬,演出于,三庆戏院
筱活猴,演出于,三庆戏院
王万良,演出于,三庆戏院
张连城,演出于,三庆戏院
王东江,演出于,三庆戏院
赵德广,演出于,三庆戏院
贾玉仁,演出于,三庆戏院
窦邦安,演出于,三庆戏院
碧彩云,演出于,三庆戏院
窦邦平,演出于,三庆戏院
何玉,演出于,三庆戏院
魏凤鸣,演出于,三庆戏院
赵双奎,演出于,三庆戏院
王玉明,演出于,三庆戏院
李澍生,演出于,三庆戏院
李义芬,演出于,三庆戏院
李义芬,演出于,开明戏院
小活猴,演出于,三庆戏院
小活猴,演出于,广德戏院
小活猴,演出于,吉祥茶园
孙月明,演出于,三庆戏院
李顺星,演出于,三庆戏院
李小楼,演出于,三庆戏院
李小楼,演出于,广德楼
花小仙,演出于,三庆戏院
花小仙,演出于,开明戏院
刘连璧,演出于,三庆戏院
刘连璧,演出于,开明戏院
张近朋,演出于,三庆戏院
吴宝纯,演出于,三庆戏院
窦玉策,演出于,三庆戏院
阴秉山,演出于,三庆戏院
宋兰亭,演出于,三庆戏院
李義著,演出于,三庆戏院
李義名,演出于,三庆戏院
王被作,演出于,三庆戏院
王东傑,演出于,三庆戏院
赵德■,演出于,三庆戏院
张■■,演出于,三庆戏院
赵庆嵆,演出于,三庆戏院
李小霞,演出于,三庆戏院
盖明■,演出于,三庆戏院
赵艳霞,演出于,三庆戏院
张小云,演出于,三庆戏院
小菊花,演出于,三庆戏院
小伶花,演出于,三庆戏院
小荷花,演出于,三庆戏院
小荷花,演出于,中和茶园
小荷花,演出于,丹桂茶园
小荷花,演出于,吉祥舞台
小荷花,演出于,庆升园
小荷花,演出于,春仙茶园
小荷花,演出于,燕舞台
小荷花,演出于,堂会义务戏戏单
赵雅蓉,演出于,三庆戏院
蓝明珠,演出于,三庆戏院
赵砚蓉,演出于,三庆戏院
王东波,演出于,三庆戏院
李義廷,演出于,三庆戏院
李筱楼,演出于,三庆戏院
李树生,演出于,三庆戏院
张筱云,演出于,三庆戏院
筱荷花,演出于,三庆戏院
筱活候,演出于,三庆戏院
阴宝山,演出于,三庆戏院
侯玉云,演出于,三庆戏院
成国祯,演出于,三庆戏院
张宝楼,演出于,三庆戏院
小黑■,演出于,三庆戏院
郭文志,演出于,三庆戏院
王万苍,演出于,三庆戏院
张九凤,演出于,三庆戏院
王益芬,演出于,三庆戏院
张小亭,演出于,三庆戏院
张士长,演出于,三庆戏院
张■芬,演出于,三庆戏院
张士成,演出于,三庆戏院
王盛之,演出于,三庆戏院
赵庆奎,演出于,三庆戏院
赵庆奎,演出于,吉祥舞台
花玉楼,演出于,三庆戏院
花玉楼,演出于,庆乐园
筱金霞,演出于,三庆戏院
花艳霞,演出于,三庆戏院
花艳霞,演出于,广德戏院
许奎芳,演出于,三庆戏院
筱金英,演出于,三庆戏院
张云霞,演出于,三庆戏院
厐筱霞,演出于,三庆戏院
郭砚芳,演出于,三庆戏院
筱全霞,演出于,三庆戏院
花砚霞,演出于,三庆戏院
孙凤岗,演出于,三庆戏院
孙凤岗,演出于,广德戏院
周子和,演出于,三庆戏院
王宝珍,演出于,三庆戏院
张献堂,演出于,三庆戏院
刘玉昆,演出于,三庆戏院
王云卿,演出于,三庆戏院
王云卿,演出于,春仙茶园
王云卿,演出于,歌舞台
李洪图,演出于,三庆戏院
朱广志,演出于,三庆戏院
盖云楼,演出于,三庆戏院
金慧■,演出于,三庆戏院
谭振英,演出于,三庆戏院
明日珠,演出于,三庆戏院
明日珠,演出于,广德戏院
花灵芝,演出于,三庆戏院
王瑞兴,演出于,三庆戏院
花月楼,演出于,三庆戏院
花月楼,演出于,广德戏院
■德奎,演出于,三庆戏院
王瑞林,演出于,三庆戏院
王瑞林,演出于,广和楼
梅兰玉,演出于,三庆戏院
喜彩秋,演出于,三庆戏院
马凤兰,演出于,三庆戏院
李义廷,演出于,三庆戏院
李砚廷,演出于,三庆戏院
■树山,演出于,三庆戏院
刘庆宝,演出于,三庆戏院
黄金祥,演出于,三庆戏院
喜彩芬,演出于,三庆戏院
郭宝玉,演出于,三庆戏院
李厚怡,演出于,三庆戏院
赵德海,演出于,三庆戏院
芭兰花,演出于,三庆戏院
金慧舫,演出于,三庆戏院
金慧舫,演出于,广德戏院
钟庆亮,演出于,三庆戏院
许富龄,演出于,三庆戏院
郭■玉,演出于,三庆戏院
刘庆生,演出于,三庆戏院
明月珠,演出于,三庆戏院
李孚怡,演出于,三庆戏院
■里壤,演出于,三庆戏院
喜彩兰,演出于,三庆戏院
梅兰花,演出于,三庆戏院
赵凤宝,演出于,三庆戏院
赵凤珍,演出于,三庆戏院
王福安,演出于,三庆戏院
张仲玉,演出于,三庆戏院
碧鸣舞,演出于,三庆戏院
鸿小英,演出于,三庆戏院
鸿艳樵,演出于,三庆戏院
俞菊樵,演出于,三庆戏院
碧凤霞,演出于,三庆戏院
芦树山,演出于,三庆戏院
全班合演,演出于,大舞台
全班合演,演出于,广兴茶园
全班合演,演出于,广和楼
全班合演,演出于,中和茶园
全班合演,演出于,丹桂茶园
全班合演,演出于,天乐茶园
全班合演,演出于,文明茶园
全班合演,演出于,东庆茶园
全班合演,演出于,吉祥茶园
全班合演,演出于,吉祥园
全班合演,演出于,吉祥大戏院
全班合演,演出于,吉祥舞台
全班合演,演出于,同乐园松庆社
全班合演,演出于,同益茶园
全班合演,演出于,庆升茶园
全班合演,演出于,庆乐茶园
全班合演,演出于,庆乐戏院
全班合演,演出于,西安园
全班合演,演出于,春仙茶园
全班合演,演出于,第一舞台
全班合演,演出于,景泰茶园
全班合演,演出于,新明剧场
全班合演,演出于,新新戏院
全班合演,演出于,福寿堂
全班合演,演出于,德泉戏园
全班合演,演出于,燕喜茶园
全班合演,演出于,燕喜堂
全班合演,演出于,消闲友会
全班合演,演出于,堂会义务戏戏单
福小田,演出于,大舞台
福小田,演出于,丹桂茶园
福小田,演出于,牡丹园春庆社
福小田,演出于,天乐茶园
福小田,演出于,文明茶园
福小田,演出于,吉祥茶园
福小田,演出于,同乐园松庆社
福小田,演出于,同乐茶园
朱德福,演出于,大舞台
朱德福,演出于,文明茶园
朱德福,演出于,吉祥园双庆社
朱德福,演出于,春仙茶园
钱文卿,演出于,大舞台
钱文卿,演出于,文明茶园
吴彩云,演出于,大舞台
吴彩云,演出于,吉祥园
九阵风,演出于,大舞台
九阵风,演出于,广和楼
九阵风,演出于,中和戏院
九阵风,演出于,文明茶园
九阵风,演出于,西安园
九阵风,演出于,景泰茶园
八仙旦,演出于,大舞台
八仙旦,演出于,庆升园
八仙旦,演出于,春仙茶园
八仙旦,演出于,景泰茶园
朱玉康,演出于,大舞台
朱玉康,演出于,丹桂茶园
杨孝芳,演出于,大舞台
杨孝芳,演出于,春仙茶园
方宝奎,演出于,大舞台
方宝奎,演出于,丹桂茶园
方宝奎,演出于,同乐园松庆社
方宝奎,演出于,庆乐园
方宝奎,演出于,庆乐茶园
方宝奎,演出于,春仙茶园
杨小朵,演出于,大舞台
杨小朵,演出于,丹桂茶园
杨小朵,演出于,春仙茶园
张毓庭,演出于,大舞台
朱幼芬,演出于,大舞台
朱幼芬,演出于,春仙茶园
朱幼芬,演出于,第一舞台
路三宝,演出于,大舞台
路三宝,演出于,天乐茶园
路三宝,演出于,吉祥园
路三宝,演出于,吉祥园双庆社
路三宝,演出于,景泰茶园
李春来,演出于,大舞台
李春来,演出于,丹桂茶园
沈杰林,演出于,大舞台
沈杰林,演出于,中和戏院
沈杰林,演出于,天乐茶园
沈杰林,演出于,长安大戏院
沈杰林,演出于,吉祥园
沈杰林,演出于,景泰茶园
张喜华,演出于,大舞台
张喜华,演出于,景泰茶园
何佩亭,演出于,大舞台
何佩亭,演出于,广和楼
何佩亭,演出于,文明茶园
何佩亭,演出于,吉祥园
郎德山,演出于,大舞台
郎德山,演出于,丹桂茶园
陆凤琴,演出于,大舞台
陆凤琴,演出于,广和楼
陆凤琴,演出于,吉祥大戏院
陆凤琴,演出于,吉祥茶园
陆凤琴,演出于,春仙茶园
陆凤琴,演出于,景泰茶园
杨翠凤,演出于,广乐茶园
杨翠凤,演出于,中和茶园
杨翠凤,演出于,庆升茶园
杨喜凤,演出于,广乐茶园
金凤琴,演出于,广乐茶园
律喜云,演出于,广乐茶园
律喜云,演出于,广德楼
律喜云,演出于,庆升茶园
李静云,演出于,广乐茶园
陈鸿寿,演出于,广乐茶园
陈鸿寿,演出于,吉祥茶园
陈鸿寿,演出于,吉祥园
小老虎,演出于,广乐茶园
小老虎,演出于,文明茶园
小老虎,演出于,吉祥茶园
小老虎,演出于,吉祥园
小老虎,演出于,西安园
小老虎,演出于,景泰茶园
小老虎,演出于,浙江温处助账义务戏
喜如,演出于,广乐茶园
喜如,演出于,春仙茶园
喜奎,演出于,广乐茶园
喜奎,演出于,春仙茶园
喜增,演出于,广乐茶园
喜增,演出于,春仙茶园
红菊芬,演出于,广乐茶园
谷金凤,演出于,广乐茶园
沈玉秋,演出于,广乐茶园
沈玉秋,演出于,丹桂茶园
沈玉秋,演出于,庆升园
沈玉秋,演出于,春仙茶园
小花猴,演出于,广乐茶园
小花猴,演出于,吉祥茶园
小花猴,演出于,吉祥园
小花猴,演出于,西安园
小花猴,演出于,春仙茶园
小小朵,演出于,广乐茶园
小小朵,演出于,天乐茶园
小小朵,演出于,文明茶园
小小朵,演出于,吉祥茶园
小瑞子,演出于,广乐茶园
小瑞子,演出于,吉祥茶园
小瑞子,演出于,歌舞台
小福喜,演出于,广乐茶园
小福喜,演出于,广兴茶园
小福喜,演出于,春仙茶园
方德奎,演出于,广乐茶园
方德奎,演出于,广兴茶园
方德奎,演出于,春仙茶园
诸茹香,演出于,广乐茶园
诸茹香,演出于,开明戏院
诸茹香,演出于,文明茶园
诸茹香,演出于,吉祥大戏院
诸茹香,演出于,春仙茶园
小筱朵,演出于,广乐茶园
周喜增,演出于,广乐茶园
周喜增,演出于,广德楼
周喜增,演出于,庆升茶园
周喜茹,演出于,广乐茶园
周喜茹,演出于,广德楼
小紫云,演出于,广乐茶园
小紫云,演出于,德泉戏园
刘翠喜,演出于,广乐茶园
刘翠喜,演出于,乐舞台
刘翠喜,演出于,福寿堂
陈洪寿,演出于,广乐茶园
陈洪寿,演出于,吉祥园
李凤楼,演出于,广乐茶园
全奎官,演出于,广乐茶园
全奎官,演出于,吉祥茶园
全奎官,演出于,吉祥园
全奎官,演出于,西安园
全奎官,演出于,春仙茶园
胖奎子,演出于,广乐茶园
胖奎子,演出于,吉祥园
玉娃娃,演出于,广乐茶园
玉娃娃,演出于,西安园
一斗金,演出于,广乐茶园
小春来,演出于,广乐茶园
小春来,演出于,文明茶园
小春来,演出于,吉祥茶园
小春来,演出于,吉祥园
小春来,演出于,春仙茶园
小春来,演出于,燕喜茶园
小春来,演出于,燕喜堂
刘宝峰,演出于,广乐茶园
刘宝峰,演出于,吉祥茶园
刘宝峰,演出于,吉祥园
刘宝峰,演出于,西安园
小桂芬,演出于,广乐茶园
小桂芬,演出于,广德楼
小桂芬,演出于,乐舞台
小桂芬,演出于,春仙茶园
小桂芬,演出于,消闲友会
杨玉楼,演出于,广乐茶园
杨玉楼,演出于,广德楼
杨玉楼,演出于,吉祥茶园
杨玉楼,演出于,吉祥园
杨玉楼,演出于,第一舞台
吴铁巷,演出于,广乐茶园
小福元,演出于,广乐茶园
小福元,演出于,吉祥茶园
小福元,演出于,吉祥园
小福元,演出于,西安园
小福元,演出于,春仙茶园
双燕飞,演出于,广乐茶园
大翠红,演出于,广乐茶园
金小芬,演出于,广乐茶园
王桂红,演出于,广乐茶园
王桂红,演出于,文明茶园
王桂红,演出于,乐舞台
金桂喜,演出于,广乐茶园
金桂芬,演出于,广乐茶园
金桂芬,演出于,广德楼
金桂芬,演出于,庆乐园
金桂芬,演出于,第一舞台
三麻子,演出于,广乐茶园
三麻子,演出于,吉祥茶园
三麻子,演出于,吉祥园
三麻子,演出于,春仙茶园
三麻子,演出于,景泰茶园
满洪保,演出于,广乐茶园
满洪保,演出于,春仙茶园
十三旦,演出于,广乐茶园
十三旦,演出于,广德楼
十三旦,演出于,丹桂茶园
十三旦,演出于,春仙茶园
熊点魁,演出于,广乐茶园
小小十三旦,演出于,广乐茶园
杨玉静,演出于,广乐茶园
一盏灯,演出于,广乐茶园
一盏灯,演出于,吉祥茶园
一盏灯,演出于,吉祥园
十二红,演出于,广乐茶园
十二红,演出于,广兴茶园
十二红,演出于,广德楼
十二红,演出于,乐舞台
十二红,演出于,春仙茶园
十二红,演出于,景泰茶园
十二红,演出于,浙江温处助账义务戏
盖陕西,演出于,广乐茶园
盖陕西,演出于,广兴茶园
薛俊甫,演出于,广乐茶园
薛俊甫,演出于,广兴茶园
薛俊甫,演出于,吉祥舞台
薛俊甫,演出于,歌舞台
薛俊甫,演出于,燕舞台
全武行,演出于,广乐茶园
全武行,演出于,广兴茶园
全武行,演出于,广和楼
全武行,演出于,广德楼
全武行,演出于,中华舞台
全武行,演出于,中和茶园
全武行,演出于,中和戏院
全武行,演出于,升平茶园
全武行,演出于,天乐茶园
全武行,演出于,华乐园
全武行,演出于,华乐戏院
全武行,演出于,开明戏院
全武行,演出于,文明茶园
全武行,演出于,乐舞台
全武行,演出于,吉祥大戏院
全武行,演出于,吉祥园双庆社
全武行,演出于,吉祥舞台
全武行,演出于,同乐茶园
全武行,演出于,同益茶园
全武行,演出于,庆升茶园
全武行,演出于,庆升园
全武行,演出于,庆乐茶园
全武行,演出于,庆乐园
全武行,演出于,庆乐戏园
全武行,演出于,庆乐戏院
全武行,演出于,西安园
全武行,演出于,哈尔飞戏院
全武行,演出于,春仙茶园
全武行,演出于,景泰茶园
全武行,演出于,新新戏院
全武行,演出于,歌舞台
全武行,演出于,魁华舞台
全武行,演出于,燕喜堂
全武行,演出于,燕舞台
全武行,演出于,消闲友会
全武行,演出于,堂会义务戏戏单
小玉卿,演出于,广兴茶园
小玉林,演出于,广兴茶园
李俊臣,演出于,广兴茶园
李俊臣,演出于,丹桂茶园
李俊臣,演出于,春仙茶园
朱殿卿,演出于,广兴茶园
王廷斌,演出于,广兴茶园
王廷斌,演出于,天乐茶园
孙小六,演出于,广兴茶园
孙小六,演出于,丹桂茶园
孙小六,演出于,文明茶园
孙小六,演出于,庆升茶园
钱玉得,演出于,广兴茶园
一千红,演出于,广兴茶园
一千红,演出于,丹桂茶园
一千红,演出于,春仙茶园
一千红,演出于,歌舞台
刘羲增,演出于,广兴茶园
刘羲增,演出于,歌舞台
刘羲增,演出于,燕喜茶园
冯黑灯,演出于,广兴茶园
冯黑灯,演出于,春仙茶园
董福熊,演出于,广兴茶园
陈玉森,演出于,广兴茶园
杜元庆,演出于,广兴茶园
杜元庆,演出于,歌舞台
李灵芝,演出于,广兴茶园
冰糖翠,演出于,广兴茶园
冰糖翠,演出于,丹桂茶园
冰糖翠,演出于,庆升园
马七十,演出于,广兴茶园
崔灵芝,演出于,广兴茶园
崔灵芝,演出于,丹桂茶园
崔灵芝,演出于,庆升园
崔灵芝,演出于,春仙茶园
崔灵芝,演出于,歌舞台
马全禄,演出于,广兴茶园
马全禄,演出于,丹桂茶园
马全禄,演出于,歌舞台
十三红,演出于,广兴茶园
十三红,演出于,丹桂茶园
于德芳,演出于,广兴茶园
于德芳,演出于,丹桂茶园
于德芳,演出于,吉祥舞台
于德芳,演出于,春仙茶园
于德芳,演出于,歌舞台
于德芳,演出于,燕舞台
麻穆子,演出于,广兴茶园
麻穆子,演出于,中华舞台
麻穆子,演出于,春仙茶园
李文瑞,演出于,广兴茶园
小旋风,演出于,广兴茶园
小旋风,演出于,广德楼
小旋风,演出于,春仙茶园
范来顺,演出于,广兴茶园
郭宝臣,演出于,广兴茶园
小金香,演出于,广兴茶园
小金香,演出于,中和茶园
小金香,演出于,福寿堂
小金香,演出于,燕喜茶园
小金香,演出于,燕喜堂
马少山,演出于,广兴茶园
于惠,演出于,广兴茶园
于惠,演出于,丹桂茶园
于惠,演出于,庆升园
于惠,演出于,春仙茶园
于惠,演出于,燕舞台
赵燕飞,演出于,广兴茶园
勾顺亮,演出于,广兴茶园
勾顺亮,演出于,歌舞台
八百黑,演出于,广兴茶园
八百黑,演出于,丹桂茶园
八百黑,演出于,春仙茶园
全社合演,演出于,广兴茶园
全社合演,演出于,文明茶园
全社合演,演出于,吉祥园双庆社
全社合演,演出于,消闲友会
杨翠喜,演出于,广兴茶园
杨翠玉,演出于,广兴茶园
刘隐云,演出于,广兴茶园
李金奎,演出于,广兴茶园
马素珍,演出于,广兴茶园
马素珍,演出于,第一舞台
王■秋,演出于,广兴茶园
金红霞,演出于,广兴茶园
小金翠,演出于,广兴茶园
小金翠,演出于,乐舞台
小金翠,演出于,庆升茶园
小金翠,演出于,春仙茶园
小金翠,演出于,第一舞台
小金翠,演出于,德泉戏园
小金翠,演出于,燕喜茶园
小金翠,演出于,燕喜堂
小黑翠,演出于,广兴茶园
金翠仙,演出于,广兴茶园
金翠仙,演出于,燕喜堂
金秀峰,演出于,广兴茶园
金秀峰,演出于,第一舞台
明月珍,演出于,广兴茶园
明月珍,演出于,广和楼
明月珍,演出于,中和茶园
明月珍,演出于,乐舞台
明月珍,演出于,春仙茶园
明月珍,演出于,第一舞台
明月珍,演出于,福寿堂
小桂红,演出于,广兴茶园
小桂红,演出于,中和茶园
小桂红,演出于,天和茶园
小桂红,演出于,乐舞台
小桂红,演出于,第一舞台
金玉琴,演出于,广兴茶园
牛兰芬,演出于,广兴茶园
牛兰芬,演出于,广德楼
小翠凤,演出于,广兴茶园
小翠凤,演出于,中和茶园
小翠凤,演出于,第一舞台
李鑫樵,演出于,广兴茶园
李鑫樵,演出于,吉祥茶园
李鑫樵,演出于,魁华舞台
李鑫樵,演出于,燕喜堂
李鑫樵,演出于,燕舞台
白福山,演出于,广和楼
王瑞森,演出于,广和楼
小占,演出于,广和楼
韦■峰,演出于,广和楼
锡阔山,演出于,广和楼
玉平,演出于,广和楼
李瑞林,演出于,广和楼
李瑞林,演出于,天乐茶园
李瑞林,演出于,景泰茶园
金秀山,演出于,广和楼
金秀山,演出于,春仙茶园
金秀山,演出于,景泰茶园
金仲林,演出于,广和楼
金仲林,演出于,景泰茶园
金少山,演出于,广和楼
金少山,演出于,文明茶园
金少山,演出于,吉祥园
金少山,演出于,春仙茶园
金少山,演出于,第一舞台
金少山,演出于,景泰茶园
金少山,演出于,新新大戏院
姚佩秋,演出于,广和楼
姚佩秋,演出于,庆升茶园
姚佩兰,演出于,广和楼
路凤琴,演出于,广和楼
萧长华,演出于,广和楼
萧长华,演出于,中和戏院
萧长华,演出于,中和大戏院
萧长华,演出于,吉祥大戏院
萧长华,演出于,庆升茶园
萧长华,演出于,第一舞台
萧长华,演出于,新新戏院
萧长华,演出于,消闲友会
闫兰亭,演出于,广和楼
闫兰亭,演出于,同乐园松庆社
刘顺亭,演出于,广和楼
朱幼分,演出于,广和楼
张玉峰,演出于,广和楼
张玉峰,演出于,天乐茶园
张玉峰,演出于,吉祥舞台
张玉峰,演出于,景泰茶园
张玉峰,演出于,歌舞台
张玉峰,演出于,燕舞台
梅荣齐,演出于,广和楼
刘鸿升,演出于,广和楼
刘鸿升,演出于,文明茶园
刘鸿升,演出于,第一舞台
文荣寿,演出于,广和楼
文荣寿,演出于,中华舞台
文荣寿,演出于,景泰茶园
朱天祥,演出于,广和楼
朱天祥,演出于,文明茶园
朱天祥,演出于,吉祥园
黄润浦,演出于,广和楼
黄润浦,演出于,春仙茶园
傅少山,演出于,广和楼
沈全奎,演出于,广和楼
沈全奎,演出于,庆升茶园
陈文起,演出于,广和楼
张宝芳,演出于,广和楼
张宝芳,演出于,天乐茶园
张宝芳,演出于,景泰茶园
张春山,演出于,广和楼
张春山,演出于,文明茶园
张春山,演出于,吉祥园
张春山,演出于,吉祥舞台
张春山,演出于,歌舞台
张春山,演出于,燕舞台
张玉平,演出于,广和楼
洛凤琴,演出于,广和楼
陆金贵,演出于,广和楼
小永春,演出于,广和楼
小永春,演出于,丹桂茶园
小永春,演出于,天乐茶园
小永春,演出于,春仙茶园
小永春,演出于,景泰茶园
小永春,演出于,消闲友会
普世亨,演出于,广和楼
普世亨,演出于,景泰茶园
刘兰芝,演出于,广和楼
刘兰芝,演出于,中和茶园
金凤奎,演出于,广和楼
金凤奎,演出于,中和茶园
金凤奎,演出于,燕喜堂
小艳芳,演出于,广和楼
小艳芳,演出于,春仙茶园
王小宝,演出于,广和楼
张玉仙,演出于,广和楼
金刚钻,演出于,广和楼
金刚钻,演出于,中和茶园
金香玉,演出于,广和楼
金香玉,演出于,广德楼
金香玉,演出于,中和茶园
金香玉,演出于,丹桂茶园
金香玉,演出于,西安园
金香玉,演出于,歌舞台
金香玉,演出于,福寿堂
陈巧玉,演出于,广和楼
张金红,演出于,广和楼
张金红,演出于,福寿堂
金月仙,演出于,广和楼
金月仙,演出于,中和茶园
金月仙,演出于,升平茶园
金月仙,演出于,文明茶园
金月仙,演出于,乐舞台
金月仙,演出于,第一舞台
金月仙,演出于,燕喜堂
金月仙,演出于,堂会义务戏戏单
小润仙,演出于,广和楼
小润仙,演出于,春仙茶园
小润仙,演出于,德泉戏园
小润仙,演出于,燕喜堂
小润仙,演出于,燕喜茶园
小■处,演出于,广和楼
金凤仙,演出于,广和楼
金凤仙,演出于,春仙茶园
金凤仙,演出于,燕喜堂
何翠云,演出于,广和楼
何翠云,演出于,福寿堂
金翠玉,演出于,广和楼
金翠玉,演出于,福寿堂
孙二清,演出于,广和楼
筱菊芬,演出于,广和楼
小金宝,演出于,广和楼
小金宝,演出于,乐舞台
小金宝,演出于,春仙茶园
路宝山,演出于,广和楼
王福寿,演出于,广和楼
连月亭,演出于,广和楼
刘顺奎,演出于,广和楼
刘顺奎,演出于,庆乐戏院
刘顺奎,演出于,景泰茶园
王秀云,演出于,广和楼
王秀云,演出于,文明茶园
王秀云,演出于,吉祥园
杨长喜,演出于,广和楼
杨长喜,演出于,丹桂茶园
杨长喜,演出于,吉祥园双庆社
杨长喜,演出于,吉祥园
杨长喜,演出于,同乐茶园
杨长喜,演出于,庆乐园
杨长喜,演出于,庆乐茶园
杨长喜,演出于,春仙茶园
陆宝山,演出于,广和楼
岳春林,演出于,广和楼
岳春林,演出于,文明茶园
何蕊香,演出于,广和楼
张玉柱,演出于,广和楼
占正亭,演出于,广和楼
占正亭,演出于,庆升茶园
常俊亭,演出于,广和楼
沈华轩,演出于,广和楼
沈华轩,演出于,丹桂茶园
沈华轩,演出于,牡丹园春庆社
沈华轩,演出于,同乐茶园
沈华轩,演出于,庆乐园
沈华轩,演出于,庆乐茶园
沈华轩,演出于,新明剧场
刘盛道,演出于,广和楼
刘盛道,演出于,消闲友会
刘盛常,演出于,广和楼
刘盛常,演出于,广和戏院
刘盛常,演出于,开明戏院
刘盛常,演出于,庆乐戏院
刘盛常,演出于,哈尔飞戏院
刘盛常,演出于,新新戏院
刘盛通,演出于,广和楼
刘盛通,演出于,中和大戏院
刘盛通,演出于,开明戏院
刘盛通,演出于,吉祥大戏院
刘盛通,演出于,庆乐戏院
刘盛通,演出于,哈尔飞戏院
徐盛达,演出于,广和楼
苏富恩,演出于,广和楼
苏富恩,演出于,中和大戏院
苏富恩,演出于,开明戏院
苏富恩,演出于,吉祥大戏院
苏富恩,演出于,消闲友会
沈富贵,演出于,广和楼
沈富贵,演出于,中和戏院
沈富贵,演出于,华乐戏院
沈富贵,演出于,消闲友会
刘连荣,演出于,广和楼
刘连荣,演出于,中和戏院
刘连荣,演出于,华乐园
刘连荣,演出于,第一舞台
刘连荣,演出于,新新戏院
刘连荣,演出于,消闲友会
樊富顺,演出于,广和楼
宋富亭,演出于,广和楼
宋富亭,演出于,华乐戏院
宋富亭,演出于,消闲友会
杨富业,演出于,广和楼
陈富芳,演出于,广和楼
庆富馀,演出于,广和楼
王富祥,演出于,广和楼
王富祥,演出于,消闲友会
钰盛玺,演出于,广和楼
关盛明,演出于,广和楼
孙盛文,演出于,广和楼
孙盛文,演出于,中和戏院
孙盛文,演出于,中和大戏院
孙盛文,演出于,华乐戏院
孙盛文,演出于,开明戏院
孙盛文,演出于,长安大戏院
孙盛文,演出于,长安戏院
孙盛文,演出于,吉祥戏院
孙盛文,演出于,吉祥大戏院
孙盛文,演出于,庆乐戏院
孙盛文,演出于,哈尔飞戏院
孙盛文,演出于,新新戏院
孙盛文,演出于,消闲友会
赵盛璧,演出于,广和楼
赵盛璧,演出于,广德楼
李盛佐,演出于,广和楼
李盛佐,演出于,华乐戏院
李盛佐,演出于,吉祥大戏院
黄盛仲,演出于,广和楼
李盛荫,演出于,广和楼
李盛荫,演出于,消闲友会
叶盛章,演出于,广和楼
叶盛章,演出于,华乐戏院
叶盛章,演出于,新新戏院
叶盛章,演出于,消闲友会
谭盛英,演出于,广和楼
谭盛英,演出于,华乐戏院
谭盛英,演出于,消闲友会
李盛才,演出于,广和楼
韩盛秀,演出于,广和楼
韩盛信,演出于,广和楼
韩盛信,演出于,中和大戏院
韩盛信,演出于,中和戏院
韩盛信,演出于,华乐戏院
韩盛信,演出于,开明戏院
韩盛信,演出于,吉祥大戏院
韩盛信,演出于,庆乐戏院
韩盛信,演出于,第一舞台
张盛侯,演出于,广和楼
金喜棠,演出于,广和楼
萧连芳,演出于,广和楼
七岁丑,演出于,广和楼
七岁丑,演出于,消闲友会
王连奎,演出于,广和楼
王连奎,演出于,广德楼
王连奎,演出于,中和戏院
王连奎,演出于,华乐戏院
王连奎,演出于,开明戏院
王连奎,演出于,哈尔飞戏院
陈盛荪,演出于,广和楼
陈盛荪,演出于,华乐戏院
陈盛荪,演出于,开明戏院
陈盛荪,演出于,庆乐戏院
陈盛荪,演出于,哈尔飞戏院
陈盛荪,演出于,消闲友会
笑儿观,演出于,广和楼
笑儿观,演出于,开明戏院
朱盛凌,演出于,广和楼
许盛奎,演出于,广和楼
许盛奎,演出于,华乐戏院
许盛奎,演出于,消闲友会
陈盛孙,演出于,广和楼
陈盛孙,演出于,消闲友会
王盛意,演出于,广和楼
王盛意,演出于,中和戏院
王盛意,演出于,开明戏院
王盛意,演出于,长安大戏院
王盛意,演出于,吉祥大戏院
王盛意,演出于,哈尔飞戏院
王盛意,演出于,第一舞台
王盛意,演出于,消闲友会
仲盛珍,演出于,广和楼
仲盛珍,演出于,消闲友会
王盛涛,演出于,广和楼
王盛涛,演出于,消闲友会
陈盛泰,演出于,广和楼
陈盛泰,演出于,广和戏院
陈盛泰,演出于,开明戏院
陈盛泰,演出于,吉祥大戏院
陈盛泰,演出于,庆乐戏院
陈盛泰,演出于,哈尔飞戏院
陈盛泰,演出于,消闲友会
苏盛辙,演出于,广和楼
孙盛武,演出于,广和楼
孙盛武,演出于,中和戏院
孙盛武,演出于,中和大戏院
孙盛武,演出于,华乐戏院
孙盛武,演出于,长安大戏院
孙盛武,演出于,长安戏院
孙盛武,演出于,吉祥戏院
孙盛武,演出于,庆乐戏院
孙盛武,演出于,第一舞台
孙盛武,演出于,新新戏院
孙盛武,演出于,消闲友会
苏盛贵,演出于,广和楼
苏盛贵,演出于,华乐戏院
苏盛贵,演出于,消闲友会
李盛藻,演出于,广和楼
李盛藻,演出于,开明戏院
李盛藻,演出于,庆乐戏院
李盛藻,演出于,新新戏院
李盛藻,演出于,消闲友会
萧盛瑞,演出于,广和楼
徐盛昌,演出于,广和楼
骆连翔,演出于,广和楼
骆连翔,演出于,华乐戏院
骆连翔,演出于,吉祥大戏院
骆连翔,演出于,消闲友会
范富喜,演出于,广和楼
范富喜,演出于,长安大戏院
范富喜,演出于,吉祥大戏院
范富喜,演出于,哈尔飞戏院
范富喜,演出于,消闲友会
张连宝,演出于,广和楼
张连宝,演出于,华乐戏院
段富环,演出于,广和楼
冯富昆,演出于,广和楼
杨富茂,演出于,广和楼
郑盛厚,演出于,广和楼
王盛海,演出于,广和楼
王盛海,演出于,消闲友会
王盛芝,演出于,广和楼
普盛爱,演出于,广和楼
何盛清,演出于,广和楼
何盛清,演出于,广和戏院
何盛清,演出于,中和戏院
何盛清,演出于,中和大戏院
何盛清,演出于,开明戏院
何盛清,演出于,长安大戏院
何盛清,演出于,吉祥大戏院
何盛清,演出于,庆乐戏院
何盛清,演出于,哈尔飞戏院
李盛佑,演出于,广和楼
穆盛楼,演出于,广和楼
闫喜林,演出于,广和楼
王盛如,演出于,广和楼
王盛如,演出于,广德楼
王盛如,演出于,华乐戏院
王盛如,演出于,开明戏院
王盛如,演出于,吉祥大戏院
王盛如,演出于,消闲友会
孙富德,演出于,广和楼
杨盛春,演出于,广和楼
杨盛春,演出于,中和大戏院
杨盛春,演出于,中和戏院
杨盛春,演出于,开明戏院
杨盛春,演出于,吉祥戏院
杨盛春,演出于,吉祥大戏院
杨盛春,演出于,庆乐戏院
杨盛春,演出于,第一舞台
杨盛春,演出于,消闲友会
叶盛茂,演出于,广和楼
叶盛茂,演出于,华乐戏院
杨盛继,演出于,广和楼
南盛山,演出于,广和楼
邱盛月,演出于,广和楼
邱盛月,演出于,消闲友会
郭世诏,演出于,广和楼
徐世光,演出于,广和楼
徐世光,演出于,华乐戏院
王世纲,演出于,广和楼
王世纲,演出于,华乐戏院
王世祥,演出于,广和楼
王世祥,演出于,华乐戏院
冯世宁,演出于,广和楼
冯世宁,演出于,华乐戏院
罗世保,演出于,广和楼
罗世保,演出于,华乐戏院
刘世恒,演出于,广和楼
王世袭,演出于,广和楼
王世袭,演出于,华乐戏院
徐世亮,演出于,广和楼
徐世亮,演出于,华乐戏院
裘世戍,演出于,广和楼
时世宝,演出于,广和楼
时世宝,演出于,华乐戏院
张世桐,演出于,广和楼
张世桐,演出于,广和戏院
张世桐,演出于,华乐戏院
张世桐,演出于,哈尔飞戏院
杨世群,演出于,广和楼
杨世群,演出于,华乐戏院
李世庆,演出于,广和楼
江世升,演出于,广和楼
江世升,演出于,华乐戏院
李世斌,演出于,广和楼
李世斌,演出于,华乐戏院
袁世永,演出于,广和楼
谭世英,演出于,广和楼
谭世英,演出于,华乐戏院
陈世鼎,演出于,广和楼
杨世春,演出于,广和楼
杨世春,演出于,华乐戏院
马世啸,演出于,广和楼
马世啸,演出于,中和大戏院
马世啸,演出于,华乐戏院
马世啸,演出于,吉祥大戏院
高世寿,演出于,广和楼
高世寿,演出于,庆乐戏院
高世寿,演出于,哈尔飞戏院
高世寿,演出于,新新戏院
徐世震,演出于,广和楼
赵世璞,演出于,广和楼
赵世璞,演出于,华乐戏院
叶世长,演出于,广和楼
叶世长,演出于,华乐戏院
李世章,演出于,广和楼
李世章,演出于,华乐戏院
江世玉,演出于,广和楼
江世玉,演出于,华乐戏院
江世玉,演出于,庆乐戏院
江世玉,演出于,哈尔飞戏院
江世玉,演出于,新新戏院
萧盛萱,演出于,广和楼
萧盛萱,演出于,中和戏院
萧盛萱,演出于,华乐戏院
李世？,演出于,广和楼
？世兰,演出于,广和楼
高世泰,演出于,广和楼
毛世来,演出于,广和楼
毛世来,演出于,华乐戏院
毛世来,演出于,新新戏院
张盛馀,演出于,广和楼
张盛馀,演出于,开明戏院
张盛馀,演出于,庆乐戏院
张盛馀,演出于,哈尔飞戏院
？盛宝,演出于,广和楼
袁世海,演出于,广和楼
袁世海,演出于,华乐戏院
袁世海,演出于,庆乐戏院
袁世海,演出于,哈尔飞戏院
袁世海,演出于,消闲友会
张盛利,演出于,广和楼
张盛利,演出于,中和戏院
张盛利,演出于,中和大戏院
张盛利,演出于,华乐戏院
张盛利,演出于,长安戏院
张盛利,演出于,吉祥戏院
张盛利,演出于,庆乐戏院
张盛利,演出于,哈尔飞戏院
张盛？,演出于,广和楼
苏盛轼,演出于,广和楼
苏盛轼,演出于,中和大戏院
苏盛轼,演出于,华乐戏院
苏盛轼,演出于,开明戏院
刘世廷,演出于,广和楼
董盛村,演出于,广和楼
董盛村,演出于,华乐戏院
戴盛来,演出于,广和楼
薛盛忠,演出于,广和楼
鲍盛啟,演出于,广和楼
全盛福,演出于,广和楼
全盛福,演出于,华乐戏院
宋富廷,演出于,广和楼
苏富旭,演出于,广和楼
苏富旭,演出于,华乐戏院
吴世甫,演出于,广和楼
吴世甫,演出于,华乐戏院
赵盛？,演出于,广和楼
刘世亨,演出于,广和楼
刘世亨,演出于,华乐戏院
郭世诒,演出于,广和楼
郭世诒,演出于,华乐戏院
刘世臣,演出于,广和楼
刘世臣,演出于,华乐戏院
罗世宝,演出于,广和楼
罗世宝,演出于,华乐戏院
朱世芬,演出于,广和楼
贾世光,演出于,广和楼
张世蓬,演出于,广和楼
张世蓬,演出于,华乐戏院
王世续,演出于,广和楼
苏世明,演出于,广和楼
苏世明,演出于,华乐戏院
李世琦,演出于,广和楼
李世琦,演出于,华乐戏院
张世孝,演出于,广和楼
张世孝,演出于,华乐戏院
于世文,演出于,广和楼
于世文,演出于,华乐戏院
郭世汾,演出于,广和楼
詹世辅,演出于,广和楼
詹世辅,演出于,中和大戏院
詹世辅,演出于,华乐戏院
詹世辅,演出于,吉祥大戏院
谢世安,演出于,广和楼
谢世安,演出于,华乐戏院
刘世勋,演出于,广和楼
刘世勋,演出于,华乐戏院
王世霞,演出于,广和楼
裘世戎,演出于,广和楼
裘世戎,演出于,华乐戏院
裘世戎,演出于,吉祥大戏院
裘世戎,演出于,新新戏院
迟世尉,演出于,广和楼
迟世尉,演出于,华乐戏院
刘盛汉,演出于,广和楼
刘盛汉,演出于,华乐戏院
陈世权,演出于,广和楼
陈世权,演出于,华乐戏院
赵盛湘,演出于,广和楼
赵盛湘,演出于,消闲友会
费世伟,演出于,广和楼
费世伟,演出于,华乐戏院
沈世超,演出于,广和楼
栢世顺,演出于,广和楼
栢世顺,演出于,华乐戏院
李世润,演出于,广和楼
李世润,演出于,华乐戏院
孙盛云,演出于,广和楼
孙盛云,演出于,中和大戏院
孙盛云,演出于,华乐戏院
孙盛云,演出于,吉祥大戏院
孙盛云,演出于,哈尔飞戏院
徐世霞,演出于,广和楼
李世香,演出于,广和楼
闫世善,演出于,广和楼
闫世善,演出于,中和大戏院
闫世善,演出于,第一舞台
李世芳,演出于,广和楼
李世芳,演出于,华乐戏院
刘世联,演出于,广和楼
姚世茹,演出于,广和楼
姚世茹,演出于,华乐戏院
沙世鑫,演出于,广和楼
沙世鑫,演出于,华乐戏院
贾世福,演出于,广和楼
贾世福,演出于,华乐戏院
艾世瑞,演出于,广和楼
费世威,演出于,广和楼
陆世聚,演出于,广和楼
陆世聚,演出于,华乐戏院
李世睦,演出于,广和楼
李世睦,演出于,华乐戏院
李世林,演出于,广和楼
沈世启,演出于,广和楼
沈世启,演出于,华乐戏院
杜元田,演出于,广和楼
杜元田,演出于,华乐戏院
郭元汾,演出于,广和楼
郭元汾,演出于,华乐戏院
傅世云,演出于,广和楼
傅世云,演出于,华乐戏院
华世丽,演出于,广和楼
茹世园,演出于,广和楼
孙世堃,演出于,广和楼
班世超,演出于,广和楼
班世超,演出于,华乐戏院
徐世宸,演出于,广和楼
徐世宸,演出于,华乐戏院
阎世喜,演出于,广和楼
诸世芬,演出于,广和楼
诸世芬,演出于,华乐戏院
袁世湧,演出于,广和楼
袁世湧,演出于,广和戏院
袁世湧,演出于,中和大戏院
曹世嘉,演出于,广和楼
曹世才,演出于,广和楼
曹世才,演出于,华乐戏院
郭世恩,演出于,广和楼
郭世恩,演出于,华乐戏院
刘世宁,演出于,广和楼
黄元庆,演出于,广和楼
黄元庆,演出于,华乐戏院
王元锡,演出于,广和楼
沈世啟,演出于,广和楼
张世年,演出于,广和楼
张世年,演出于,华乐戏院
朱世业,演出于,广和楼
朱世业,演出于,华乐戏院
黄元钟,演出于,广和楼
黄元钟,演出于,华乐戏院
罗元琨,演出于,广和楼
傅世兰,演出于,广和楼
吴盛宝,演出于,广和楼
吴盛宝,演出于,消闲友会
费世延,演出于,广和楼
高盛虹,演出于,广和楼
高盛虹,演出于,华乐戏院
高盛虹,演出于,开明戏院
徐世和,演出于,广和楼
徐世和,演出于,华乐戏院
刘世亭,演出于,广和楼
刘世亭,演出于,华乐戏院
张世本,演出于,广和楼
俞世龙,演出于,广和楼
俞世龙,演出于,华乐戏院
艾世菊,演出于,广和楼
艾世菊,演出于,中和大戏院
艾世菊,演出于,华乐戏院
郭世钧,演出于,广和楼
郭世钧,演出于,华乐戏院
朱世叶,演出于,广和楼
朱世富,演出于,广和楼
朱世富,演出于,华乐戏院
耿世忠,演出于,广和楼
耿世忠,演出于,华乐戏院
刘世聊,演出于,广和楼
王世昌,演出于,广和楼
王世昌,演出于,华乐戏院
罗世鸣,演出于,广和楼
罗世鸣,演出于,华乐戏院
耿世华,演出于,广和楼
陈世峰,演出于,广和楼
陈世峰,演出于,华乐戏院
诸世芹,演出于,广和楼
诸世芹,演出于,华乐戏院
白元洁,演出于,广和楼
苏世詹,演出于,广和楼
苏世詹,演出于,华乐戏院
陈世新,演出于,广和楼
陈世新,演出于,华乐戏院
王元芝,演出于,广和楼
王元芝,演出于,华乐戏院
高元阜,演出于,广和楼
迟世恭,演出于,广和楼
阎世善,演出于,广和楼
阎世善,演出于,中和戏院
阎世善,演出于,中和大戏院
阎世善,演出于,华乐戏院
阎世善,演出于,哈尔飞戏院
贾世珍,演出于,广和楼
鲍盛启,演出于,广和楼
鲍盛启,演出于,华乐园
鲍盛启,演出于,华乐戏院
马世禄,演出于,广和楼
朱世魁,演出于,广和楼
朱世魁,演出于,华乐戏院
高世太,演出于,广和楼
高世太,演出于,华乐戏院
高世太,演出于,哈尔飞戏院
袁世涌,演出于,广和楼
闫世喜,演出于,广和楼
闫世喜,演出于,华乐戏院
朱世友,演出于,广和楼
陈世鼐,演出于,广和楼
吴胜宝,演出于,广和楼
刘世铭,演出于,广和楼
萧世佑,演出于,广和楼
王世龙,演出于,广和楼
徐世辰,演出于,广和楼
徐世辰,演出于,广和戏院
张盛郡,演出于,广和楼
刘元彤,演出于,广和楼
白元杰,演出于,广和楼
白元杰,演出于,华乐戏院
孙元彬,演出于,广和楼
李元瑞,演出于,广和楼
苏元轼,演出于,广和楼
刘元廷,演出于,广和楼
高元峰,演出于,广和楼
余元海,演出于,广和楼
高元虹,演出于,广和楼
李元宸,演出于,广和楼
李元年,演出于,广和楼
李元睦,演出于,广和楼
曹世珍,演出于,广和楼
哈元璋,演出于,广和楼
赵世濮,演出于,广和楼
赵世濮,演出于,华乐戏院
杨元勳,演出于,广和楼
范元濂,演出于,广和楼
慈■善,演出于,广和楼
钱元通,演出于,广和楼
钱元通,演出于,华乐戏院
卢元仁,演出于,广和楼
张元茹,演出于,广和楼
韩世植,演出于,广和楼
韩世植,演出于,华乐戏院
茹元俊,演出于,广和楼
刘世昆,演出于,广和楼
刘世昆,演出于,华乐戏院
全堂合演,演出于,广和楼
全堂合演,演出于,广德楼
全堂合演,演出于,华乐戏院
李元盛,演出于,广和楼
刘世裔,演出于,广和楼
姜元顺,演出于,广和楼
杨元勲,演出于,广和楼
黄元鐘,演出于,广和楼
陈世宽,演出于,广和楼
陈世宽,演出于,华乐戏院
钰世玺,演出于,广和楼
钰世玺,演出于,华乐戏院
魏世宗,演出于,广和楼
魏世宗,演出于,华乐戏院
马元禄,演出于,广和楼
周元伯,演出于,广和楼
刘元馨,演出于,广和楼
陈元弼,演出于,广和楼
孙元增,演出于,广和楼
卢元义,演出于,广和楼
王元禧,演出于,广和楼
全体学生,演出于,广和戏院
李金泉,演出于,广和戏院
邓玉峥,演出于,广和戏院
陈金胜,演出于,广和戏院
李玉芝,演出于,广和戏院
林金培,演出于,广和戏院
高德仲,演出于,广和戏院
高德仲,演出于,中和戏院
何德亮,演出于,广和戏院
何德亮,演出于,中和戏院
高金儒,演出于,广和戏院
高金儒,演出于,中和戏院
张金柱,演出于,广和戏院
邓德芹,演出于,广和戏院
邓德芹,演出于,中和戏院
徐和才,演出于,广和戏院
徐和才,演出于,中和戏院
张金樑,演出于,广和戏院
宋德珠,演出于,广和戏院
傅德威,演出于,广和戏院
傅德威,演出于,中和戏院
陈金彪,演出于,广和戏院
李金棠,演出于,广和戏院
朱金琴,演出于,广和戏院
朱金琴,演出于,中和戏院
赵德普,演出于,广和戏院
赵德普,演出于,中和戏院
赵玉璜,演出于,广和戏院
侯玉兰,演出于,广和戏院
李和曾,演出于,广和戏院
关德咸,演出于,广和戏院
关德咸,演出于,中和戏院
谭金曾,演出于,广和戏院
李玉茹,演出于,广和戏院
萧德寅,演出于,广和戏院
于金骅,演出于,广和戏院
刘玉亭,演出于,广和戏院
王德吟,演出于,广和戏院
冯玉增,演出于,广和戏院
李金鸿,演出于,广和戏院
袁金凯,演出于,广和戏院
袁金凯,演出于,中和戏院
萨和章,演出于,广和戏院
萨和章,演出于,中和戏院
任金翔,演出于,广和戏院
周金莲,演出于,广和戏院
刘金春,演出于,广和戏院
胡金涛,演出于,广和戏院
宋金声,演出于,广和戏院
张金峰,演出于,广和戏院
王玉让,演出于,广和戏院
延玉哲,演出于,广和戏院
延玉哲,演出于,中和戏院
贺玉钦,演出于,广和戏院
郭和湧,演出于,广和戏院
王德俊,演出于,广和戏院
王德俊,演出于,中和戏院
牟金铎,演出于,广和戏院
牟金铎,演出于,中和戏院
冯金延,演出于,广和戏院
王德昆,演出于,广和戏院
王德昆,演出于,中和戏院
陆德昌,演出于,广和戏院
洪德佑,演出于,广和戏院
洪德佑,演出于,中和戏院
何金盘,演出于,广和戏院
张德良,演出于,广和戏院
张德良,演出于,中和戏院
齐和昌,演出于,广和戏院
齐和昌,演出于,中和戏院
赵德勋,演出于,广和戏院
陆德忠,演出于,广和戏院
郭金光,演出于,广和戏院
赵德钰,演出于,广和戏院
赵德钰,演出于,中和戏院
白玉薇,演出于,广和戏院
何德保,演出于,广和戏院
何德保,演出于,中和戏院
王金璐,演出于,广和戏院
王金璐,演出于,中和戏院
佟德新,演出于,广和戏院
程玉焕,演出于,广和戏院
程玉焕,演出于,中和戏院
张玉禅,演出于,广和戏院
何金保,演出于,广和戏院
周和桐,演出于,广和戏院
马金桂,演出于,广和戏院
马金桂,演出于,中和戏院
沈金波,演出于,广和戏院
朱金钊,演出于,广和戏院
朱金钊,演出于,中和戏院
沈金启,演出于,广和戏院
杨德锡,演出于,广和戏院
江金爵,演出于,广和戏院
窦金有,演出于,广和戏院
何金宽,演出于,广和戏院
李玉芳,演出于,广和戏院
张金永,演出于,广和戏院
张和元,演出于,广和戏院
张和元,演出于,中和戏院
殷金振,演出于,广和戏院
周金铭,演出于,广和戏院
王和霖,演出于,广和戏院
王和霖,演出于,中和戏院
李德彬,演出于,广和戏院
李金瑞,演出于,广和戏院
邓金昆,演出于,广和戏院
马金律,演出于,广和戏院
王玉海,演出于,广和戏院
赵玉章,演出于,广和戏院
白玉霄,演出于,广和戏院
金玉恒,演出于,广和戏院
金玉恒,演出于,堂会义务戏戏单
赵玉民,演出于,广和戏院
李和云,演出于,广和戏院
张德来,演出于,广和戏院
翟玉绅,演出于,广和戏院
赵金年,演出于,广和戏院
王玉芹,演出于,广和戏院
王和琨,演出于,广和戏院
王和琨,演出于,中和戏院
王玉苓,演出于,广和戏院
黄玉芳,演出于,广和戏院
李玉芰,演出于,广和戏院
秦玉萫,演出于,广和戏院
赵玉菁,演出于,广和戏院
张玉岑,演出于,广和戏院
王玉瑚,演出于,广和戏院
王玉瑚,演出于,中和戏院
哈金增,演出于,广和戏院
储金鹏,演出于,广和戏院
袁金绵,演出于,广和戏院
袁金绵,演出于,中和戏院
吴德成,演出于,广和戏院
何金海,演出于,广和戏院
施玉新,演出于,广和戏院
郭德宪,演出于,广和戏院
高德松,演出于,广和戏院
何金磐,演出于,广和戏院
何金磐,演出于,中和戏院
赵玉璋,演出于,广和戏院
许玉铭,演出于,广和戏院
费玉策,演出于,广和戏院
赵金纯,演出于,广和戏院
高金,演出于,广和戏院
姚玉刚,演出于,广和戏院
韦玉贵,演出于,广和戏院
金玉田,演出于,广和戏院
刘玉珺,演出于,广和戏院
张玉涛,演出于,广和戏院
张鑫奎,演出于,广和戏院
张荫奎,演出于,广和戏院
娄盛奎,演出于,广和戏院
姜连彩,演出于,广和戏院
贯盛吉,演出于,广和戏院
贯盛吉,演出于,中和大戏院
贯盛吉,演出于,开明戏院
贯盛吉,演出于,吉祥大戏院
贯盛吉,演出于,哈尔飞戏院
徐寿琪,演出于,广和戏院
徐寿琪,演出于,吉祥园双庆社
徐寿琪,演出于,吉祥园
徐寿琪,演出于,哈尔飞戏院
张云溪,演出于,广和戏院
张云溪,演出于,华乐戏院
张云溪,演出于,开明戏院
张小杰,演出于,广和戏院
张小杰,演出于,中和大戏院
张小杰,演出于,华乐戏院
张小杰,演出于,开明戏院
张小杰,演出于,吉祥大戏院
张小杰,演出于,哈尔飞戏院
高连甲,演出于,广和戏院
高连甲,演出于,庆乐戏院
陶玉政,演出于,广和戏院
陶玉政,演出于,天乐茶园
陶玉政,演出于,哈尔飞戏院
刘顺庆,演出于,广和戏院
刘顺庆,演出于,华乐戏院
刘顺庆,演出于,吉祥舞台
刘顺庆,演出于,哈尔飞戏院
刘顺庆,演出于,歌舞台
陈玉会,演出于,广和戏院
陈玉会,演出于,华乐戏院
陈玉会,演出于,吉祥舞台
王仲亭,演出于,广和戏院
王仲亭,演出于,中和戏院
赵曼云,演出于,广和戏院
杨世珍,演出于,广和戏院
杨世珍,演出于,哈尔飞戏院
褚子良,演出于,广和戏院
褚子良,演出于,吉祥大戏院
褚子良,演出于,哈尔飞戏院
新丽琴,演出于,广和戏院
新丽琴,演出于,中和戏院
新丽琴,演出于,华乐戏院
新丽琴,演出于,开明戏院
新丽琴,演出于,吉祥大戏院
新丽琴,演出于,庆乐戏院
新丽琴,演出于,哈尔飞戏院
罗世明,演出于,广和戏院
张富藻,演出于,广和戏院
张富藻,演出于,消闲友会
唐富尧,演出于,广和戏院
唐富尧,演出于,华乐园
唐富尧,演出于,开明戏院
唐富尧,演出于,哈尔飞戏院
贾多才,演出于,广和戏院
贾多才,演出于,中和戏院
贾多才,演出于,中和大戏院
贾多才,演出于,华乐园
贾多才,演出于,华乐戏院
贾多才,演出于,开明戏院
贾多才,演出于,长安大戏院
贾多才,演出于,长安戏院
贾多才,演出于,吉祥大戏院
贾多才,演出于,吉祥戏院
贾多才,演出于,哈尔飞戏院
贾多才,演出于,第一舞台
贾多才,演出于,燕舞台
贯盛习,演出于,广和戏院
贯盛习,演出于,开明戏院
贯盛习,演出于,第一舞台
金又宇,演出于,广和戏院
金又宇,演出于,华乐戏院
金又宇,演出于,庆乐戏院
金又宇,演出于,哈尔飞戏院
王玉敏,演出于,广和戏院
符玉恭,演出于,广和戏院
张王禅,演出于,广和戏院
王玉聪,演出于,广和戏院
王玉聪,演出于,中和戏院
朱玉安,演出于,广和戏院
张金峯,演出于,广和戏院
于玉光,演出于,广和戏院
关玉和,演出于,广和戏院
王玉芬,演出于,广和戏院
王玉芬,演出于,升平茶园
哈金曾,演出于,广和戏院
李金和,演出于,广和戏院
张玉皋,演出于,广和戏院
周永兰,演出于,广和戏院
赵玉箐,演出于,广和戏院
金玉焕,演出于,广和戏院
关玉森,演出于,广和戏院
庚金群,演出于,广和戏院
李和保,演出于,广和戏院
郝金锐,演出于,广和戏院
洪德洪,演出于,广和戏院
姬永周,演出于,广和戏院
杨永善,演出于,广和戏院
余连海,演出于,广德楼
金菊花,演出于,广德楼
金菊花,演出于,庆升茶园
小狗红,演出于,广德楼
小狗红,演出于,庆升茶园
小狗红,演出于,燕舞台
吴喜年,演出于,广德楼
钟连亮,演出于,广德楼
水上飘,演出于,广德楼
水上飘,演出于,国立清华大学学生会工会
海棠花,演出于,广德楼
海棠花,演出于,吉祥舞台
海棠花,演出于,春仙茶园
海棠花,演出于,歌舞台
海棠花,演出于,燕喜堂
海棠花,演出于,燕舞台
时喜文,演出于,广德楼
候喜瑞,演出于,广德楼
候喜瑞,演出于,中和戏院
律喜窦,演出于,广德楼
郭喜寿,演出于,广德楼
周喜■,演出于,广德楼
■■■,演出于,广德楼
保喜瑞,演出于,广德楼
杜云红,演出于,广德楼
杜云红,演出于,第一舞台
杜云红,演出于,景泰茶园
杜云红,演出于,福寿堂
丁桂兰,演出于,广德楼
丁桂兰,演出于,庆乐园
丁桂兰,演出于,第一舞台
九月菊,演出于,广德楼
九月菊,演出于,中和茶园
刘菊仙,演出于,广德楼
鲜灵芝,演出于,广德楼
小爱茹,演出于,广德楼
陈云涛,演出于,广德楼
陈云涛,演出于,第一舞台
赵来云,演出于,广德楼
赵来云,演出于,燕喜茶园
丁桂芬,演出于,广德楼
李桂■,演出于,广德楼
白金奎,演出于,广德楼
汪金荣,演出于,广德楼
汪金荣,演出于,庆乐园
汪金荣,演出于,德泉戏园
汪金荣,演出于,燕喜茶园
汪金荣,演出于,燕喜堂
金月珍,演出于,广德楼
金月珍,演出于,第一舞台
王大翠,演出于,广德楼
王大翠,演出于,燕喜茶园
小桂仙,演出于,广德楼
小桂仙,演出于,第一舞台
小玉仙,演出于,广德楼
小玉仙,演出于,燕喜堂
鑫翠玉,演出于,广德楼
鑫翠玉,演出于,第一舞台
王贵卿,演出于,广德楼
韩孝峰,演出于,广德楼
牛兰坡,演出于,广德楼
■月珍,演出于,广德楼
■月珍,演出于,乐舞台
小紫霖,演出于,广德楼
韩孝■,演出于,广德楼
小凤霞,演出于,广德楼
小凤霞,演出于,天和茶园
小凤霞,演出于,燕舞台
小■■,演出于,广德楼
鑫小樵,演出于,广德楼
鑫小樵,演出于,庆乐戏园
王菊仙,演出于,广德楼
于紫霞,演出于,广德楼
于紫霞,演出于,文明茶园
于紫云,演出于,广德楼
于紫云,演出于,文明茶园
于紫云,演出于,景泰茶园
李桂亭,演出于,广德楼
李桂亭,演出于,第一舞台
小菊仙,演出于,广德楼
小菊仙,演出于,天乐茶园
小菊仙,演出于,第一舞台
小菊仙,演出于,景泰茶园
灵芝花,演出于,广德楼
宁小楼,演出于,广德楼
小翠宝,演出于,广德楼
小翠宝,演出于,中和茶园
张小仙,演出于,广德楼
张小仙,演出于,中和茶园
宋风云,演出于,广德楼
小爱■,演出于,广德楼
李月卿,演出于,广德楼
李月卿,演出于,天和茶园
李月卿,演出于,燕喜堂
李月卿,演出于,燕舞台
李月卿,演出于,堂会义务戏戏单
小桂荣,演出于,广德楼
郭■声,演出于,广德楼
韩凤如,演出于,广德楼
贾俊楼,演出于,广德楼
贾俊楼,演出于,庆乐园
陈俊樵,演出于,广德楼
陈俊樵,演出于,乐舞台
刘俊娥,演出于,广德楼
刘俊娥,演出于,乐舞台
小张黑,演出于,广德楼
金少仙,演出于,广德楼
金少仙,演出于,魁华舞台
金少卿,演出于,广德楼
金少卿,演出于,魁华舞台
金桂红,演出于,广德楼
金桂红,演出于,乐舞台
金桂红,演出于,魁华舞台
恩维名,演出于,广德楼
恩佩贤,演出于,广德楼
龚秀岩,演出于,广德楼
文菊芳,演出于,广德楼
文玉仙,演出于,广德楼
文玉仙,演出于,燕喜堂
恩晓峰,演出于,广德楼
金翠英,演出于,广德楼
金翠英,演出于,庆升茶园
金翠英,演出于,春仙茶园
王■■,演出于,广德楼
高连奎,演出于,广德楼
高连奎,演出于,春仙茶园
张■寿,演出于,广德楼
陈富瑞,演出于,广德楼
陈富瑞,演出于,中和戏院
陈富瑞,演出于,吉祥大戏院
陈富瑞,演出于,哈尔飞戏院
陈富瑞,演出于,新新大戏院
陈富瑞,演出于,消闲友会
沈斌茹,演出于,广德楼
刘斌楼,演出于,广德楼
刘斌楼,演出于,吉祥大戏院
黄智斌,演出于,广德楼
苏连汉,演出于,广德楼
苏连汉,演出于,中和戏院
苏连汉,演出于,中和大戏院
苏连汉,演出于,牡丹园春庆社
苏连汉,演出于,华乐园
苏连汉,演出于,华乐戏院
苏连汉,演出于,开明戏院
苏连汉,演出于,吉祥大戏院
苏连汉,演出于,哈尔飞戏院
苏连汉,演出于,新新大戏院
王庆奎,演出于,广德楼
王庆奎,演出于,庆乐园
王庆奎,演出于,庆乐戏园
王庆奎,演出于,庆乐戏院
王庆奎,演出于,庆乐戏院奎德社
王庆奎,演出于,消闲友会
于斌安,演出于,广德楼
于斌安,演出于,开明戏院
魏连芳,演出于,广德楼
魏连芳,演出于,庆乐戏院
刘春升,演出于,广德楼
刘春升,演出于,吉祥大戏院
周斌秋,演出于,广德楼
王少楼,演出于,广德楼
王少楼,演出于,中和戏院
李万春,演出于,广德楼
李万春,演出于,第一舞台
李万春,演出于,新新戏院
李万春,演出于,消闲友会
蓝月春,演出于,广德楼
蓝月春,演出于,消闲友会
陈富涛,演出于,广德楼
陈富涛,演出于,中和大戏院
陈富涛,演出于,开明戏院
陈富涛,演出于,哈尔飞戏院
李庆喜,演出于,广德楼
朱斌仙,演出于,广德楼
朱斌仙,演出于,中和戏院
朱斌仙,演出于,开明戏院
朱斌仙,演出于,吉祥大戏院
朱斌仙,演出于,庆乐戏院
朱斌仙,演出于,哈尔飞戏院
朱斌仙,演出于,消闲友会
赵艳秋,演出于,广德楼
金又雨,演出于,广德楼
金又雨,演出于,开明戏院
筱九霄,演出于,广德楼
李春楼,演出于,广德楼
裴云亭,演出于,广德楼
闻子芳,演出于,广德楼
陈洪亮,演出于,广德楼
陈长泰,演出于,广德楼
小小九霄,演出于,广德楼
徐月亭,演出于,广德楼
李益善,演出于,广德楼
李益善,演出于,中和戏院
李益善,演出于,开明戏院
李益善,演出于,吉祥大戏院
陈玉惠,演出于,广德楼
李又宸,演出于,广德楼
雪玲珑,演出于,广德楼
王凤仙,演出于,广德楼
王凤仙,演出于,开明戏院
王凤仙,演出于,哈尔飞戏院
小福奎,演出于,广德楼
雪艳香,演出于,广德楼
孟丽君,演出于,广德楼
恩寿如,演出于,广德楼
恩寿如,演出于,吉祥舞台
郭喜凤,演出于,广德楼
郭喜凤,演出于,庆乐戏院
郭喜凤,演出于,魁华舞台
郭喜凤,演出于,堂会义务戏戏单
李德海,演出于,广德楼
金连奎,演出于,广德楼
梁德山,演出于,广德楼
梁德山,演出于,吉祥舞台
许霭臣,演出于,广德楼
许霭臣,演出于,消闲友会
碧月花,演出于,广德楼
李艳芬,演出于,广德楼
陈凤阁,演出于,广德楼
杨兆忠,演出于,广德楼
碧玉花,演出于,广德楼
碧玉花,演出于,庆乐戏园
张月亭,演出于,广德楼
李彩芬,演出于,广德楼
赵俊霞,演出于,广德楼
王玉堂,演出于,广德楼
王小楼,演出于,广德楼
宋小芳,演出于,广德楼
碧莲华,演出于,广德楼
刘翠霞,演出于,广德楼
桂宝芬,演出于,广德楼
刘瑞霞,演出于,广德楼
王守业,演出于,广德楼
刘殿富,演出于,广德楼
刘殿富,演出于,开明戏院
郝子卿,演出于,广德楼
王金花,演出于,广德戏院
桂云霞,演出于,广德戏院
关德奎,演出于,广德戏院
吴凤英,演出于,广德戏院
花艳芬,演出于,广德戏院
马广福,演出于,广德戏院
花凤楼,演出于,广德戏院
孙宝山,演出于,广德戏院
吴凤霞,演出于,广德戏院
孙九思,演出于,广德戏院
李素舫,演出于,广德戏院
孙小楼,演出于,广德戏院
盖丽霞,演出于,广德戏院
关德全,演出于,广德戏院
孙佩霞,演出于,广德戏院
刘玉山,演出于,广德戏院
鑫福笙,演出于,广德戏院
张振德,演出于,广德戏院
小连卿,演出于,中华舞台
石子云,演出于,中华舞台
石子云,演出于,吉祥舞台
石子云,演出于,歌舞台
石子云,演出于,燕舞台
陈桂廷,演出于,中华舞台
常■峰,演出于,中华舞台
仉少奎,演出于,中华舞台
陈月山,演出于,中华舞台
陈月山,演出于,歌舞台
王凤山,演出于,中华舞台
王凤山,演出于,春仙茶园
刘凤奎,演出于,中华舞台
刘凤奎,演出于,牡丹园春庆社
刘凤奎,演出于,开明戏院
刘凤奎,演出于,民乐茶园
刘凤奎,演出于,哈尔飞戏院
刘凤奎,演出于,燕舞台
刘凤奎,演出于,消闲友会
五龄童,演出于,中华舞台
五龄童,演出于,吉祥园斌广社
陈福寿,演出于,中华舞台
陈福寿,演出于,歌舞台
董俊峰,演出于,中华舞台
董俊峰,演出于,华乐园
董俊峰,演出于,吉祥园双庆社
董俊峰,演出于,吉祥园
董俊峰,演出于,庆乐茶园
朱■福,演出于,中华舞台
桂蝶香,演出于,中华舞台
于茂如,演出于,中华舞台
于茂如,演出于,堂会义务戏戏单
石小山,演出于,中华舞台
石小山,演出于,丹桂园福寿班
石小山,演出于,文明茶园
石小山,演出于,吉祥园
石小山,演出于,吉祥舞台
石小山,演出于,同乐茶园
慈瑞全,演出于,中华舞台
慈瑞全,演出于,中和戏院
慈瑞全,演出于,华乐园
慈瑞全,演出于,吉祥园双庆社
慈瑞全,演出于,吉祥园
慈瑞全,演出于,吉祥茶园
慈瑞全,演出于,庆升茶园
唐芝芳,演出于,中华舞台
唐芝芳,演出于,文明茶园
唐芝芳,演出于,吉祥园
唐芝芳,演出于,春仙茶园
程砚秋,演出于,中华舞台
程砚秋,演出于,中和戏院
程砚秋,演出于,华乐园
■鑫坪,演出于,中华舞台
小洪庆,演出于,中华舞台
小洪庆,演出于,天乐茶园
小洪庆,演出于,西安园
小洪庆,演出于,春仙茶园
金小凤,演出于,中和茶园
小翠芬,演出于,中和茶园
杨翠兰,演出于,中和茶园
李金桂,演出于,中和茶园
李来凤,演出于,中和茶园
小桂元,演出于,中和茶园
苗某如,演出于,中和茶园
小玉喜,演出于,中和茶园
小玉喜,演出于,天乐茶园
小玉喜,演出于,浙江温处助账义务戏
小春英,演出于,中和茶园
小翠喜,演出于,中和茶园
小翠喜,演出于,春仙茶园
小翠喜,演出于,魁华舞台
小翠喜,演出于,浙江温处助账义务戏
小竹芬,演出于,中和茶园
小竹芬,演出于,德泉戏园
小竹芬,演出于,燕喜茶园
汪金蓉,演出于,中和茶园
汪金蓉,演出于,燕喜茶园
宋金桂,演出于,中和茶园
小菊芬,演出于,中和茶园
小菊芬,演出于,升平茶园
小凤喜,演出于,中和茶园
小凤喜,演出于,春仙茶园
小凤喜,演出于,景泰茶园
小凤喜,演出于,浙江温处助账义务戏
小香水,演出于,中和茶园
小香水,演出于,第一舞台
小香水,演出于,景泰茶园
小香水,演出于,燕舞台
小香水,演出于,浙江温处助账义务戏
小贵红,演出于,中和茶园
小金玉,演出于,中和茶园
众学生,演出于,中和茶园
众学生,演出于,文明茶园
众学生,演出于,春仙茶园
陆凤昇,演出于,中和茶园
小月亭,演出于,中和茶园
小月亭,演出于,乐舞台
苗素珍,演出于,中和茶园
金玉升,演出于,中和茶园
卢正喜,演出于,中和茶园
小玉恒,演出于,中和茶园
小玉恒,演出于,福寿堂
筱芬,演出于,中和茶园
尚俊卿,演出于,中和茶园
尚俊卿,演出于,文明茶园
尚俊卿,演出于,景泰茶园
尚俊卿,演出于,德泉戏园
尚俊卿,演出于,燕喜茶园
尚俊卿,演出于,燕喜堂
林俊卿,演出于,中和茶园
林俊卿,演出于,乐舞台
林俊卿,演出于,燕舞台
林俊卿,演出于,堂会义务戏戏单
翟金桂,演出于,中和茶园
杨润卿,演出于,中和茶园
杨润卿,演出于,文明茶园
杨润卿,演出于,乐舞台
杨润卿,演出于,燕喜堂
果金翠,演出于,中和茶园
李桂芬,演出于,中和茶园
金月兰,演出于,中和茶园
金月兰,演出于,文明茶园
金月兰,演出于,第一舞台
小桂升,演出于,中和茶园
筱楼,演出于,中和茶园
筱峰,演出于,中和茶园
九云风,演出于,中和茶园
九云风,演出于,吉祥茶园
杜云峰,演出于,中和茶园
杜云峰,演出于,天和茶园
杜云峰,演出于,文明茶园
杜云峰,演出于,吉祥茶园
杜云峰,演出于,庆乐园
杜云峰,演出于,春仙茶园
杜云峰,演出于,燕喜堂
小月英,演出于,中和茶园
小玉桂,演出于,中和茶园
刘兰宝,演出于,中和茶园
刘兰宝,演出于,乐舞台
金玉兰,演出于,中和茶园
金玉兰,演出于,文明茶园
金玉兰,演出于,浙江温处助账义务戏
小连福,演出于,中和茶园
宋凤云,演出于,中和茶园
秋月芬,演出于,中和茶园
云金红,演出于,中和茶园
云金兰,演出于,中和茶园
云金凤,演出于,中和茶园
金奎官,演出于,中和茶园
金奎官,演出于,庆乐园
金奎官,演出于,庆乐戏园
金奎官,演出于,庆乐戏院
金奎官,演出于,庆乐戏院奎德社
金奎官,演出于,第一舞台
全武全,演出于,中和茶园
丘富棠,演出于,中和戏院
丘富棠,演出于,华乐园
冯连恩,演出于,中和戏院
阎岚亭,演出于,中和戏院
阎岚亭,演出于,华乐园
阎岚亭,演出于,景泰茶园
高秋频,演出于,中和戏院
王幼卿,演出于,中和戏院
王幼卿,演出于,华乐园
王幼卿,演出于,开明戏院
王幼卿,演出于,吉祥大戏院
马富禄,演出于,中和戏院
马富禄,演出于,华乐园
马富禄,演出于,华乐戏院
马富禄,演出于,吉祥大戏院
马富禄,演出于,哈尔飞戏院
马富禄,演出于,新新戏院
马连良,演出于,中和戏院
马连良,演出于,华乐园
马连良,演出于,吉祥大戏院
马连良,演出于,新明剧场
马春樵,演出于,中和戏院
马春樵,演出于,华乐园
马春樵,演出于,文明茶园
马春樵,演出于,吉祥园
马春樵,演出于,吉祥大戏院
张春彦,演出于,中和戏院
张春彦,演出于,中和大戏院
张春彦,演出于,牡丹园春庆社
张春彦,演出于,华乐园
张春彦,演出于,华乐戏院
张春彦,演出于,开明戏院
张春彦,演出于,吉祥大戏院
张春彦,演出于,哈尔飞戏院
张春彦,演出于,第一舞台
孟小如,演出于,中和戏院
孟小如,演出于,天乐茶园
孟小如,演出于,春仙茶园
孟小如,演出于,景泰茶园
张连升,演出于,中和戏院
张连升,演出于,华乐园
张连升,演出于,华乐戏院
张连升,演出于,开明戏院
张连升,演出于,吉祥大戏院
张连升,演出于,哈尔飞戏院
文亮臣,演出于,中和戏院
文亮臣,演出于,华乐园
文亮臣,演出于,华乐戏院
文亮臣,演出于,同乐园松庆社
杨春龙,演出于,中和戏院
杨春龙,演出于,中和大戏院
杨春龙,演出于,牡丹园春庆社
杨春龙,演出于,华乐园
杨春龙,演出于,华乐戏院
杨春龙,演出于,开明戏院
杨春龙,演出于,长安大戏院
杨春龙,演出于,吉祥大戏院
杨春龙,演出于,哈尔飞戏院
杨春龙,演出于,第一舞台
杨春龙,演出于,燕舞台
范少亭,演出于,中和戏院
范少亭,演出于,华乐戏院
范少亭,演出于,开明戏院
范少亭,演出于,哈尔飞戏院
谭富英,演出于,中和戏院
谭富英,演出于,第一舞台
谭富英,演出于,新新戏院
蒋少奎,演出于,中和戏院
蒋少奎,演出于,开明戏院
蒋少奎,演出于,吉祥戏院
蒋少奎,演出于,消闲友会
何雅秋,演出于,中和戏院
何雅秋,演出于,中和大戏院
何雅秋,演出于,华乐戏院
何雅秋,演出于,开明戏院
何雅秋,演出于,长安大戏院
何雅秋,演出于,长安戏院
何雅秋,演出于,吉祥戏院
何雅秋,演出于,第一舞台
何雅秋,演出于,消闲友会
王福山,演出于,中和戏院
王福山,演出于,华乐园
王福山,演出于,长安大戏院
王福山,演出于,吉祥大戏院
王福山,演出于,哈尔飞戏院
王福山,演出于,第一舞台
王福山,演出于,新新大戏院
王福山,演出于,消闲友会
孙毓坤,演出于,中和戏院
孙毓坤,演出于,开明戏院
小翠花,演出于,中和戏院
小翠花,演出于,中和大戏院
小翠花,演出于,吉祥园斌广社
小翠花,演出于,第一舞台
小翠花,演出于,新新戏院
王多寿,演出于,中和戏院
王多寿,演出于,华乐园
王多寿,演出于,开明戏院
王多寿,演出于,吉祥大戏院
王多寿,演出于,哈尔飞戏院
金仲仁,演出于,中和戏院
金仲仁,演出于,丹桂茶园
金仲仁,演出于,华乐园
金仲仁,演出于,文明茶园
金仲仁,演出于,哈尔飞戏院
金仲仁,演出于,第一舞台
金仲仁,演出于,景泰茶园
高斌峰,演出于,中和戏院
高斌峰,演出于,吉祥园斌广社
扎金奎,演出于,中和戏院
扎金奎,演出于,中和大戏院
扎金奎,演出于,华乐园
扎金奎,演出于,华乐戏院
扎金奎,演出于,开明戏院
扎金奎,演出于,长安大戏院
扎金奎,演出于,吉祥园
扎金奎,演出于,吉祥大戏院
扎金奎,演出于,吉祥戏院
扎金奎,演出于,吉祥茶园
扎金奎,演出于,吉祥园双庆社
扎金奎,演出于,庆乐茶园
扎金奎,演出于,哈尔飞戏院
扎金奎,演出于,第一舞台
扎金奎,演出于,新新大戏院
扎金奎,演出于,消闲友会
阎岚秋,演出于,中和戏院
阎岚秋,演出于,华乐园
王玉吉,演出于,中和戏院
王玉吉,演出于,牡丹园春庆社
王玉吉,演出于,天乐茶园
王玉吉,演出于,华乐园
王玉吉,演出于,开明戏院
王玉吉,演出于,景泰茶园
王玉吉,演出于,燕舞台
吴铁庵,演出于,中和戏院
甄洪奎,演出于,中和戏院
甄洪奎,演出于,华乐园
甄洪奎,演出于,开明戏院
甄洪奎,演出于,长安大戏院
甄洪奎,演出于,吉祥大戏院
甄洪奎,演出于,吉祥戏院
甄洪奎,演出于,消闲友会
刘俊峰,演出于,中和戏院
刘俊峰,演出于,吉祥大戏院
刘俊峰,演出于,哈尔飞戏院
王泉奎,演出于,中和戏院
王泉奎,演出于,华乐戏院
王泉奎,演出于,开明戏院
王泉奎,演出于,吉祥戏院
王泉奎,演出于,庆乐戏院
王泉奎,演出于,哈尔飞戏院
王泉奎,演出于,第一舞台
王泉奎,演出于,新新戏院
朱桂芳,演出于,中和戏院
朱桂芳,演出于,文明茶园
朱桂芳,演出于,吉祥茶园
朱桂芳,演出于,同乐茶园
朱桂芳,演出于,庆乐园
朱桂芳,演出于,庆乐茶园
朱桂芳,演出于,第一舞台
朱桂芳,演出于,新新戏院
吴玉玲,演出于,中和戏院
奎富光,演出于,中和戏院
奎富光,演出于,华乐戏院
奎富光,演出于,开明戏院
奎富光,演出于,吉祥大戏院
奎富光,演出于,庆乐戏院
奎富光,演出于,哈尔飞戏院
计艳芬,演出于,中和戏院
计艳芬,演出于,中和大戏院
计艳芬,演出于,华乐园
计艳芬,演出于,哈尔飞戏院
王少亭,演出于,中和戏院
王少亭,演出于,第一舞台
李盛斌,演出于,中和戏院
李盛斌,演出于,开明戏院
李盛斌,演出于,消闲友会
李富友,演出于,中和戏院
任富保,演出于,中和戏院
任富保,演出于,开明戏院
任富保,演出于,哈尔飞戏院
臧岚光,演出于,中和戏院
何喜春,演出于,中和戏院
何喜春,演出于,华乐园
何喜春,演出于,吉祥园双庆社
何喜春,演出于,吉祥园
何喜春,演出于,吉祥大戏院
何喜春,演出于,哈尔飞戏院
何喜春,演出于,新新大戏院
李宝奎,演出于,中和戏院
李宝奎,演出于,开明戏院
李宝奎,演出于,吉祥戏院
李宝奎,演出于,庆乐戏院
李宝奎,演出于,哈尔飞戏院
李宝奎,演出于,第一舞台
王蕙芳,演出于,中和戏院
王蕙芳,演出于,天乐茶园
王蕙芳,演出于,第一舞台
孙富亮,演出于,中和戏院
李三星,演出于,中和戏院
李三星,演出于,华乐戏院
李三星,演出于,开明戏院
王惠芳,演出于,中和戏院
王惠芳,演出于,天乐茶园
王惠芳,演出于,文明茶园
李泉奎,演出于,中和戏院
钱少卿,演出于,中和戏院
钱少卿,演出于,中和大戏院
钱少卿,演出于,华乐戏院
钱少卿,演出于,开明戏院
钱少卿,演出于,长安大戏院
钱少卿,演出于,长安戏院
钱少卿,演出于,吉祥戏院
钱少卿,演出于,吉祥大戏院
钱少卿,演出于,哈尔飞戏院
马连昆,演出于,中和戏院
马连昆,演出于,华乐园
马连昆,演出于,华乐戏院
马连昆,演出于,开明戏院
马连昆,演出于,吉祥大戏院
马连昆,演出于,哈尔飞戏院
马连昆,演出于,新新戏院
马连昆,演出于,堂会义务戏戏单
方连元,演出于,中和戏院
方连元,演出于,华乐戏院
方连元,演出于,开明戏院
方连元,演出于,新明剧场
赵文奎,演出于,中和戏院
赵文奎,演出于,华乐戏院
赵文奎,演出于,同乐园
钟鸣岐,演出于,中和戏院
钟鸣岐,演出于,哈尔飞戏院
钟喜久,演出于,中和戏院
钟喜久,演出于,牡丹园春庆社
钟喜久,演出于,庆升茶园
陈丽芳,演出于,中和戏院
陈丽芳,演出于,华乐戏院
陈丽芳,演出于,长安大戏院
陈丽芳,演出于,吉祥大戏院
陈丽芳,演出于,庆乐戏院
陈丽芳,演出于,哈尔飞戏院
赵崎霞,演出于,中和戏院
冯宇岚,演出于,中和戏院
吴金奎,演出于,中和戏院
张蝶芬,演出于,中和戏院
张蝶芬,演出于,华乐戏院
张蝶芬,演出于,吉祥戏院
张蝶芬,演出于,吉祥大戏院
罗万华,演出于,中和戏院
罗万华,演出于,华乐戏院
罗万华,演出于,长安大戏院
罗万华,演出于,吉祥大戏院
罗万华,演出于,哈尔飞戏院
于斌荣,演出于,中和戏院
罗文元,演出于,中和戏院
罗文元,演出于,吉祥大戏院
罗文元,演出于,哈尔飞戏院
罗文元,演出于,第一舞台
从海泉,演出于,中和戏院
李竹泉,演出于,中和戏院
董玉林,演出于,中和戏院
董玉林,演出于,吉祥园双庆社
董玉林,演出于,吉祥园
孙立君,演出于,中和戏院
许秋江,演出于,中和戏院
许秋江,演出于,哈尔飞戏院
曹玉华,演出于,中和戏院
逍遥轩主,演出于,中和戏院
邱富棠,演出于,中和戏院
邱富棠,演出于,吉祥大戏院
邱富棠,演出于,消闲友会
胡显庭,演出于,中和戏院
丞伯埙,演出于,中和戏院
王星垣,演出于,中和戏院
王星垣,演出于,吉祥大戏院
王星垣,演出于,哈尔飞戏院
梁小鸾,演出于,中和戏院
芦远峰,演出于,中和戏院
曹二庚,演出于,中和戏院
曹二庚,演出于,华乐园
曹二庚,演出于,吉祥园
曹二庚,演出于,吉祥园双庆社
曹二庚,演出于,庆升茶园
曹二庚,演出于,庆乐园
曹二庚,演出于,庆乐茶园
曹二庚,演出于,消闲友会
李洪春,演出于,中和戏院
李洪春,演出于,华乐园
李洪春,演出于,长安大戏院
李洪春,演出于,吉祥大戏院
李洪春,演出于,庆乐戏院
李洪春,演出于,哈尔飞戏院
李恒春,演出于,中和戏院
李恒春,演出于,华乐园
芙蓉草,演出于,中和戏院
芙蓉草,演出于,丹桂茶园
芙蓉草,演出于,牡丹园春庆社
芙蓉草,演出于,华乐戏院
芙蓉草,演出于,开明戏院
芙蓉草,演出于,民乐茶园
芙蓉草,演出于,哈尔飞戏院
芙蓉草,演出于,景泰茶园
程继先,演出于,中和戏院
程继先,演出于,吉祥园双庆社
程继先,演出于,第一舞台
吴富琴,演出于,中和戏院
吴富琴,演出于,华乐园
吴富琴,演出于,消闲友会
张韵卿,演出于,中和戏院
俞振飞,演出于,中和戏院
哈宝山,演出于,中和戏院
哈宝山,演出于,华乐戏院
哈宝山,演出于,开明戏院
哈宝山,演出于,吉祥大戏院
哈宝山,演出于,哈尔飞戏院
慈少泉,演出于,中和戏院
慈少泉,演出于,华乐戏院
慈少泉,演出于,开明戏院
慈少泉,演出于,庆乐戏院
慈少泉,演出于,哈尔飞戏院
慈少泉,演出于,新新戏院
李多奎,演出于,中和戏院
李多奎,演出于,丹桂茶园
李多奎,演出于,华乐园
李多奎,演出于,哈尔飞戏院
李多奎,演出于,第一舞台
李多奎,演出于,新新大戏院
李多奎,演出于,新新戏院
李多奎,演出于,消闲友会
刘盛莲,演出于,中和戏院
刘盛莲,演出于,开明戏院
刘盛莲,演出于,哈尔飞戏院
刘金昌,演出于,中和戏院
魏金瀛,演出于,中和戏院
王金兰,演出于,中和戏院
王金兰,演出于,燕喜堂
赵金蓉,演出于,中和戏院
郭德仁,演出于,中和戏院
萨和成,演出于,中和戏院
罗盛公,演出于,中和戏院
罗盛公,演出于,开明戏院
罗盛公,演出于,庆乐戏院
罗盛公,演出于,哈尔飞戏院
陈富康,演出于,中和戏院
陈富康,演出于,华乐园
陈富康,演出于,开明戏院
陈富康,演出于,吉祥大戏院
陈富康,演出于,哈尔飞戏院
孙甫亭,演出于,中和戏院
孙甫亭,演出于,开明戏院
孙甫亭,演出于,吉祥大戏院
孙甫亭,演出于,哈尔飞戏院
孙甫亭,演出于,第一舞台
张奎斌,演出于,中和戏院
张奎斌,演出于,开明戏院
张奎斌,演出于,吉祥大戏院
吴彦衡,演出于,中和戏院
吴彦衡,演出于,华乐园
吴彦衡,演出于,吉祥大戏院
吴彦衡,演出于,哈尔飞戏院
霍鸣如,演出于,中和戏院
霍鸣如,演出于,哈尔飞戏院
钱富川,演出于,中和戏院
钱富川,演出于,中和大戏院
钱富川,演出于,华乐园
钱富川,演出于,华乐戏院
钱富川,演出于,开明戏院
钱富川,演出于,吉祥大戏院
钱富川,演出于,吉祥戏院
钱富川,演出于,庆乐戏院
钱富川,演出于,哈尔飞戏院
张连廷,演出于,中和戏院
张连廷,演出于,中和大戏院
张连廷,演出于,华乐戏院
张连廷,演出于,开明戏院
张连廷,演出于,庆乐戏院
张连廷,演出于,哈尔飞戏院
张连廷,演出于,第一舞台
张连廷,演出于,消闲友会
刘玉芳,演出于,中和戏院
刘玉芳,演出于,牡丹园春庆社
刘玉芳,演出于,天乐茶园
刘玉芳,演出于,吉祥舞台
刘玉芳,演出于,哈尔飞戏院
刘玉芳,演出于,燕舞台
陆素娟,演出于,中和戏院
于莲仙,演出于,中和戏院
于莲仙,演出于,华乐戏院
于莲仙,演出于,庆乐戏院
于莲仙,演出于,哈尔飞戏院
于莲仙,演出于,第一舞台
陆素瑛,演出于,中和戏院
李四广,演出于,中和戏院
李四广,演出于,华乐园
李四广,演出于,开明戏院
李四广,演出于,吉祥大戏院
李四广,演出于,第一舞台
李四广,演出于,新新大戏院
鲍吉祥,演出于,中和戏院
鲍吉祥,演出于,开明戏院
鲍吉祥,演出于,庆升茶园
鲍吉祥,演出于,庆乐园
鲍吉祥,演出于,庆乐茶园
鲍吉祥,演出于,新新大戏院
鲍吉祥,演出于,新新戏院
鲍吉祥,演出于,消闲友会
尚富霞,演出于,中和戏院
尚富霞,演出于,中和大戏院
尚富霞,演出于,华乐戏院
尚富霞,演出于,开明戏院
尚富霞,演出于,长安大戏院
尚富霞,演出于,长安戏院
尚富霞,演出于,吉祥戏院
尚富霞,演出于,吉祥大戏院
尚富霞,演出于,第一舞台
尚富霞,演出于,消闲友会
李德奎,演出于,中和戏院
李德奎,演出于,中和大戏院
李德奎,演出于,长安大戏院
李德奎,演出于,长安戏院
李德奎,演出于,吉祥戏院
李德奎,演出于,第一舞台
高富远,演出于,中和戏院
高富远,演出于,中和大戏院
高富远,演出于,华乐戏院
高富远,演出于,长安大戏院
高富远,演出于,长安戏院
高富远,演出于,吉祥戏院
高富远,演出于,吉祥大戏院
高富远,演出于,哈尔飞戏院
高富远,演出于,第一舞台
宋遇春,演出于,中和戏院
宋遇春,演出于,中和大戏院
宋遇春,演出于,长安大戏院
宋遇春,演出于,长安戏院
宋遇春,演出于,吉祥戏院
宋遇春,演出于,吉祥大戏院
宋遇春,演出于,哈尔飞戏院
宋遇春,演出于,第一舞台
慈永胜,演出于,中和戏院
慈永胜,演出于,中和大戏院
慈永胜,演出于,华乐戏院
慈永胜,演出于,第一舞台
王荣坡,演出于,中和大戏院
王荣坡,演出于,吉祥大戏院
唐荣昌,演出于,中和大戏院
唐荣昌,演出于,吉祥大戏院
田荣芬,演出于,中和大戏院
侯荣湘,演出于,中和大戏院
侯荣湘,演出于,吉祥大戏院
冯荣宽,演出于,中和大戏院
蔡松春,演出于,中和大戏院
蔡松春,演出于,吉祥大戏院
罗荣贵,演出于,中和大戏院
罗荣贵,演出于,吉祥大戏院
谢荣珊,演出于,中和大戏院
李荣元,演出于,中和大戏院
李荣元,演出于,吉祥大戏院
钮荣亮,演出于,中和大戏院
钮荣亮,演出于,吉祥大戏院
尚荣芳,演出于,中和大戏院
尚荣芳,演出于,吉祥大戏院
黄荣俊,演出于,中和大戏院
黄荣俊,演出于,吉祥大戏院
时荣章,演出于,中和大戏院
时荣章,演出于,吉祥大戏院
罗荣亭,演出于,中和大戏院
罗荣亭,演出于,吉祥大戏院
贾寿春,演出于,中和大戏院
贾寿春,演出于,吉祥大戏院
王永春,演出于,中和大戏院
王永春,演出于,吉祥大戏院
孙瑞春,演出于,中和大戏院
孙瑞春,演出于,吉祥大戏院
赵和春,演出于,中和大戏院
赵和春,演出于,吉祥大戏院
王荣良,演出于,中和大戏院
王荣良,演出于,吉祥大戏院
徐荣奎,演出于,中和大戏院
徐荣奎,演出于,吉祥大戏院
李德春,演出于,中和大戏院
李德春,演出于,吉祥大戏院
张荣林,演出于,中和大戏院
张荣林,演出于,吉祥大戏院
徐庆春,演出于,中和大戏院
徐庆春,演出于,吉祥大戏院
陈茂春,演出于,中和大戏院
陈茂春,演出于,吉祥大戏院
茹木春,演出于,中和大戏院
茹木春,演出于,吉祥大戏院
尚长麟,演出于,中和大戏院
尚长麟,演出于,中和戏院
吴荣斌,演出于,中和大戏院
吴荣斌,演出于,吉祥大戏院
周仲春,演出于,中和大戏院
周仲春,演出于,吉祥大戏院
尚长春,演出于,中和大戏院
尚长春,演出于,中和戏院
尚长春,演出于,吉祥大戏院
尚长春,演出于,吉祥戏院
陶荣耀,演出于,中和大戏院
陶荣耀,演出于,吉祥大戏院
耿玉春,演出于,中和大戏院
耿玉春,演出于,吉祥大戏院
王福春,演出于,中和大戏院
王福春,演出于,吉祥大戏院
沈桂春,演出于,中和大戏院
沈桂春,演出于,吉祥大戏院
王禄春,演出于,中和大戏院
王禄春,演出于,吉祥大戏院
周瑞祥,演出于,中和戏院
周瑞祥,演出于,华乐戏院
周瑞祥,演出于,开明戏院
周瑞祥,演出于,吉祥戏院
贾少才,演出于,中和戏院
贾少才,演出于,中和大戏院
贾少才,演出于,长安大戏院
贾少才,演出于,长安戏院
贾少才,演出于,吉祥戏院
徐霖甫,演出于,中和戏院
徐霖甫,演出于,中和大戏院
徐霖甫,演出于,华乐戏院
徐霖甫,演出于,长安大戏院
徐霖甫,演出于,吉祥戏院
徐霖甫,演出于,吉祥大戏院
李盛芳,演出于,中和戏院
李盛芳,演出于,中和大戏院
李盛芳,演出于,长安大戏院
李盛芳,演出于,长安戏院
李盛芳,演出于,吉祥戏院
陆锦春,演出于,中和大戏院
陆锦春,演出于,吉祥大戏院
虞荣昇,演出于,中和大戏院
虞荣昇,演出于,吉祥大戏院
王启春,演出于,中和大戏院
王启春,演出于,吉祥大戏院
陈荣兰,演出于,中和大戏院
陈荣兰,演出于,吉祥大戏院
李荣华,演出于,中和大戏院
李荣华,演出于,吉祥大戏院
赵荣鑫,演出于,中和大戏院
赵荣鑫,演出于,吉祥大戏院
马荣祥,演出于,中和大戏院
马荣祥,演出于,吉祥大戏院
陶龙春,演出于,中和大戏院
陶龙春,演出于,吉祥大戏院
张荣意,演出于,中和大戏院
张荣意,演出于,吉祥大戏院
张荣胜,演出于,中和大戏院
张荣胜,演出于,吉祥大戏院
王斌春,演出于,中和大戏院
王斌春,演出于,吉祥大戏院
李荣轩,演出于,中和大戏院
李荣轩,演出于,吉祥大戏院
张世春,演出于,中和大戏院
张世春,演出于,吉祥大戏院
孙荣蕙,演出于,中和大戏院
孙荣蕙,演出于,吉祥大戏院
赵荣鹏,演出于,中和大戏院
赵荣鹏,演出于,吉祥大戏院
计荣龙,演出于,中和大戏院
计荣龙,演出于,吉祥大戏院
张荣兴,演出于,中和大戏院
张荣兴,演出于,吉祥大戏院
崔荣英,演出于,中和大戏院
崔荣英,演出于,吉祥大戏院
朱荣生,演出于,中和大戏院
朱荣生,演出于,吉祥大戏院
朱月春,演出于,中和大戏院
朱月春,演出于,吉祥大戏院
胡荣寿,演出于,中和大戏院
胡荣寿,演出于,吉祥大戏院
王士春,演出于,中和大戏院
王士春,演出于,吉祥大戏院
杨荣臣,演出于,中和大戏院
杨荣臣,演出于,吉祥大戏院
李学春,演出于,中和大戏院
李学春,演出于,吉祥大戏院
何荣连,演出于,中和大戏院
何荣连,演出于,吉祥大戏院
刘荣秀,演出于,中和大戏院
刘荣秀,演出于,吉祥大戏院
孙荣信,演出于,中和大戏院
孙荣信,演出于,吉祥大戏院
耿雨春,演出于,中和大戏院
耿雨春,演出于,吉祥大戏院
何荣相,演出于,中和大戏院
何荣相,演出于,吉祥大戏院
王嘉春,演出于,中和大戏院
王嘉春,演出于,吉祥大戏院
沈荣华,演出于,中和大戏院
沈荣华,演出于,吉祥大戏院
于荣卿,演出于,中和大戏院
于荣卿,演出于,吉祥大戏院
方荣慈,演出于,中和大戏院
方荣慈,演出于,吉祥大戏院
荣春社,演出于,中和大戏院
荣春社,演出于,吉祥戏院
耿荣泉,演出于,中和大戏院
郭荣相,演出于,中和大戏院
汪荣汉,演出于,中和大戏院
田荣斋,演出于,中和大戏院
张荣茂,演出于,中和大戏院
孙荣登,演出于,中和大戏院
韦三奎,演出于,中和大戏院
韦三奎,演出于,中和戏院
韦三奎,演出于,长安戏院
韦三奎,演出于,吉祥大戏院
韦三奎,演出于,吉祥戏院
虞荣升,演出于,中和大戏院
朱荣升,演出于,中和大戏院
田荣齐,演出于,中和大戏院
钱荣安,演出于,中和大戏院
徐庆香,演出于,中和大戏院
李荣立,演出于,中和大戏院
杨荣年,演出于,中和大戏院
李荣安,演出于,中和大戏院
陈少霖,演出于,中和大戏院
陈少霖,演出于,吉祥大戏院
贾松龄,演出于,中和大戏院
贾松龄,演出于,吉祥大戏院
于永利,演出于,中和大戏院
任志秋,演出于,中和大戏院
任志秋,演出于,中和戏院
陈文英,演出于,中和大戏院
陈文英,演出于,哈尔飞戏院
张福昆,演出于,中和大戏院
张福昆,演出于,吉祥大戏院
张福昆,演出于,消闲友会
筱翠花,演出于,中和大戏院
筱翠花,演出于,华乐园
筱翠花,演出于,吉祥大戏院
计砚芬,演出于,中和戏院
计砚芬,演出于,开明戏院
计砚芬,演出于,吉祥大戏院
高富全,演出于,中和戏院
高富全,演出于,开明戏院
高富全,演出于,庆乐戏院
高富全,演出于,哈尔飞戏院
高富全,演出于,新新戏院
崔熹云,演出于,中和戏院
徐寿祺,演出于,中和戏院
徐寿祺,演出于,吉祥戏院
孙志斌,演出于,中和戏院
王竹廷,演出于,丹桂茶园
傅振清,演出于,丹桂茶园
刘寿峯,演出于,丹桂茶园
刘寿峯,演出于,庆升茶园
郭一臣,演出于,丹桂茶园
郭一臣,演出于,春仙茶园
杨春圃,演出于,丹桂茶园
小金娃,演出于,丹桂茶园
肖瑞婷,演出于,丹桂茶园
李福来,演出于,丹桂茶园
七仙旦,演出于,丹桂茶园
刘童奎,演出于,丹桂茶园
王芝玉,演出于,丹桂茶园
王芝玉,演出于,吉祥园
郭小福,演出于,丹桂茶园
常二奎,演出于,丹桂茶园
金福山,演出于,丹桂茶园
朱六音,演出于,丹桂茶园
夏德升,演出于,丹桂茶园
华永才,演出于,丹桂茶园
陈月楼,演出于,丹桂茶园
何永宫,演出于,丹桂茶园
刘永高,演出于,丹桂茶园
十七红,演出于,丹桂茶园
十七红,演出于,天乐茶园
十七红,演出于,景泰茶园
马献廷,演出于,丹桂茶园
马献廷,演出于,庆升园
小长庚,演出于,丹桂茶园
小长庚,演出于,庆升园
小长庚,演出于,春仙茶园
小喜翠,演出于,丹桂茶园
小喜翠,演出于,庆升园
小喜翠,演出于,春仙茶园
小喜翠,演出于,德泉戏园
小喜翠,演出于,燕喜堂
小金奎,演出于,丹桂茶园
小金奎,演出于,庆升园
小金奎,演出于,春仙茶园
小马五,演出于,丹桂茶园
小马五,演出于,吉祥舞台
小马五,演出于,庆升园
小马五,演出于,春仙茶园
小马五,演出于,燕舞台
十一红,演出于,丹桂茶园
十一红,演出于,春仙茶园
十一红,演出于,歌舞台
十一红,演出于,燕喜茶园
徐天元,演出于,丹桂茶园
周如奎,演出于,丹桂茶园
周小如,演出于,丹桂茶园
周小如,演出于,庆升园
于永海,演出于,丹桂茶园
于永海,演出于,庆升园
小德仙,演出于,丹桂茶园
小德仙,演出于,春仙茶园
八岁红,演出于,丹桂茶园
八岁红,演出于,升平茶园
八岁红,演出于,民乐茶园
八岁红,演出于,吉祥茶园
八岁红,演出于,西安园
八岁红,演出于,春仙茶园
小三宝,演出于,丹桂茶园
韩长宝,演出于,丹桂茶园
韩长宝,演出于,春仙茶园
乔月枩,演出于,丹桂茶园
贳大元,演出于,丹桂茶园
隆镇海,演出于,丹桂茶园
粉菊花,演出于,丹桂茶园
粉菊花,演出于,吉祥茶园
粉菊花,演出于,景泰茶园
杨桂芬,演出于,丹桂茶园
杨桂芬,演出于,庆乐园
杨桂芬,演出于,西安园
杨桂芬,演出于,春仙茶园
高月秌,演出于,丹桂茶园
小香元,演出于,丹桂茶园
小香元,演出于,同益茶园
小香元,演出于,春仙茶园
小香元,演出于,燕喜堂
张子峯,演出于,丹桂茶园
张子峯,演出于,天乐茶园
小玲珑,演出于,丹桂茶园
小玲珑,演出于,同益茶园
小玲珑,演出于,景泰茶园
松玉棠,演出于,丹桂茶园
小玉静,演出于,丹桂茶园
小玉静,演出于,同益茶园
小玉政,演出于,丹桂茶园
张子良,演出于,丹桂茶园
赵朋玉,演出于,丹桂茶园
李春祥,演出于,丹桂茶园
小桂英,演出于,丹桂茶园
小桂英,演出于,西安园
小桂英,演出于,燕喜茶园
罗长山,演出于,丹桂茶园
罗长山,演出于,燕舞台
天鹅旦,演出于,丹桂茶园
孟五,演出于,丹桂茶园
小庆四,演出于,丹桂茶园
小秃红,演出于,丹桂茶园
小秃红,演出于,吉祥园
小秃红,演出于,吉祥舞台
小秃红,演出于,庆升园
小秃红,演出于,春仙茶园
小秃红,演出于,燕舞台
月月红,演出于,丹桂茶园
月月红,演出于,吉祥园
月月红,演出于,燕喜茶园
陈小奎,演出于,丹桂茶园
陈小奎,演出于,春仙茶园
陈小奎,演出于,景泰茶园
朱得福,演出于,丹桂茶园
朱得福,演出于,吉祥园
小金桂,演出于,丹桂茶园
小金桂,演出于,吉祥茶园
小金桂,演出于,春仙茶园
小金桂,演出于,燕喜堂
小茶壶,演出于,丹桂茶园
小月仙,演出于,丹桂茶园
小月仙,演出于,吉祥茶园
小月仙,演出于,春仙茶园
小月仙,演出于,燕舞台
十六红,演出于,丹桂茶园
十六红,演出于,西安园
双桂芬,演出于,丹桂茶园
十四红,演出于,丹桂茶园
李三铃,演出于,丹桂茶园
李三铃,演出于,吉祥茶园
李三铃,演出于,吉祥园
紫梅花,演出于,丹桂茶园
紫梅花,演出于,吉祥茶园
紫梅花,演出于,吉祥园
紫梅花,演出于,吉祥舞台
梅俊生,演出于,丹桂茶园
梅俊生,演出于,吉祥茶园
梅俊生,演出于,吉祥园
王多芬,演出于,丹桂茶园
王多芬,演出于,天和茶园
王多芬,演出于,消闲友会
杨多顺,演出于,丹桂茶园
刘多明,演出于,丹桂茶园
赵多元,演出于,丹桂茶园
金月梅,演出于,丹桂茶园
金月梅,演出于,吉祥茶园
金月梅,演出于,燕喜堂
真金豆,演出于,丹桂茶园
穆春山,演出于,丹桂茶园
穆春山,演出于,吉祥园
穆春山,演出于,春仙茶园
周小奎,演出于,丹桂茶园
奎月亭,演出于,丹桂茶园
奎月亭,演出于,春仙茶园
余小琴,演出于,丹桂茶园
余小琴,演出于,春仙茶园
八花旦,演出于,丹桂茶园
陈桐云,演出于,丹桂茶园
陈桐云,演出于,文明茶园
陈桐云,演出于,同乐茶园
陈桐云,演出于,景泰茶园
吴彩霞,演出于,丹桂茶园
吴彩霞,演出于,文明茶园
吴彩霞,演出于,吉祥大戏院
吴彩霞,演出于,同乐茶园
吴彩霞,演出于,庆乐园
吴彩霞,演出于,庆乐茶园
吴彩霞,演出于,哈尔飞戏院
吴彩霞,演出于,第一舞台
谢宝云,演出于,丹桂茶园
谢宝云,演出于,天乐茶园
谢宝云,演出于,吉祥园
谢宝云,演出于,庆升茶园
德君如,演出于,丹桂茶园
德君如,演出于,庆升茶园
德君如,演出于,庆乐茶园
吴堃芳,演出于,丹桂茶园
汪笔侬,演出于,丹桂茶园
讷绍先,演出于,丹桂茶园
谭金川,演出于,牡丹园春庆社
王幼春,演出于,牡丹园春庆社
孙甫婷,演出于,牡丹园春庆社
杨小珍,演出于,牡丹园春庆社
吴喜昆,演出于,牡丹园春庆社
方洪寿,演出于,牡丹园春庆社
方洪寿,演出于,民乐茶园
七阵风,演出于,牡丹园春庆社
七阵风,演出于,吉祥园
七阵风,演出于,吉祥园双庆社
七阵风,演出于,春仙茶园
韩连宴,演出于,牡丹园春庆社
李胜云,演出于,牡丹园春庆社
吴永同,演出于,牡丹园春庆社
吴永同,演出于,吉祥园
筱凤台,演出于,牡丹园春庆社
吴少亭,演出于,牡丹园春庆社
马振奎,演出于,牡丹园春庆社
马振奎,演出于,天和茶园
马振奎,演出于,歌舞台
李和方,演出于,牡丹园春庆社
樊桂寿,演出于,牡丹园春庆社
程艳秋,演出于,牡丹园春庆社
程艳秋,演出于,消闲友会
江顺仙,演出于,牡丹园春庆社
江顺仙,演出于,天乐茶园
李喜平,演出于,牡丹园春庆社
黄树卿,演出于,牡丹园春庆社
钱福才,演出于,牡丹园春庆社
钱福才,演出于,天乐茶园
钱福才,演出于,吉祥舞台
钱福才,演出于,燕舞台
侯益祥,演出于,丹桂园福寿班
刘益峰,演出于,丹桂园福寿班
刘庆云,演出于,丹桂园福寿班
李益仲,演出于,丹桂园福寿班
王玉山,演出于,丹桂园福寿班
张荫山,演出于,丹桂园福寿班
樊治清,演出于,丹桂园福寿班
侯玉山,演出于,丹桂园福寿班
侯玉山,演出于,同乐茶园
孙益永,演出于,丹桂园福寿班
陶振江,演出于,丹桂园福寿班
陶振江,演出于,天乐茶园
陶振江,演出于,同乐茶园
邱会廷,演出于,丹桂园福寿班
张荣秀,演出于,丹桂园福寿班
刘益峯,演出于,丹桂园福寿班
白玉田,演出于,丹桂园福寿班
白玉田,演出于,天乐茶园
孙福寿,演出于,丹桂园福寿班
朱文俊,演出于,丹桂园福寿班
崔连合,演出于,丹桂园福寿班
韩子峰,演出于,丹桂园福寿班
韩子峰,演出于,同乐茶园
王玉树,演出于,丹桂园福寿班
苗益山,演出于,丹桂园福寿班
白建桥,演出于,丹桂园福寿班
白建桥,演出于,天乐茶园
范益林,演出于,丹桂园福寿班
王风玉,演出于,升平茶园
丁风云,演出于,升平茶园
郭风仙,演出于,升平茶园
杨翠云,演出于,升平茶园
青菊花,演出于,升平茶园
青菊花,演出于,魁华舞台
郭风云,演出于,升平茶园
小兰芬,演出于,升平茶园
郑俊卿,演出于,升平茶园
冯玉宝,演出于,升平茶园
小风菊,演出于,升平茶园
小金顺,演出于,升平茶园
小金顺,演出于,乐舞台
小金顺,演出于,燕喜堂
小？顺,演出于,升平茶园
王小霞,演出于,升平茶园
王瑞霞,演出于,升平茶园
于彩霞,演出于,升平茶园
胡月仙,演出于,升平茶园
郭德风,演出于,升平茶园
王素琴,演出于,升平茶园
王素芬,演出于,升平茶园
小桂云,演出于,升平茶园
小桂云,演出于,乐舞台
麻子红,演出于,升平茶园
麻子红,演出于,吉祥茶园
麻子红,演出于,第一舞台
麻子红,演出于,燕喜茶园
麻子红,演出于,燕舞台
安桂秌,演出于,升平茶园
任贵卿,演出于,升平茶园
张菊芬,演出于,升平茶园
施桂喜,演出于,升平茶园
金风云,演出于,升平茶园
施桂云,演出于,升平茶园
周凤鸣,演出于,天乐茶园
小玉武,演出于,天乐茶园
小玉武,演出于,景泰茶园
刘玉太,演出于,天乐茶园
刘玉太,演出于,吉祥大戏院
刘玉太,演出于,庆乐戏院
刘玉太,演出于,哈尔飞戏院
小洪福,演出于,天乐茶园
李玉祥,演出于,天乐茶园
李玉祥,演出于,景泰茶园
小洪春,演出于,天乐茶园
高月秋,演出于,天乐茶园
高月秋,演出于,景泰茶园
高月秋,演出于,浙江温处助账义务戏
刘玉方,演出于,天乐茶园
王玉文,演出于,天乐茶园
谢春兆,演出于,天乐茶园
钱子香,演出于,天乐茶园
钱子香,演出于,同益茶园
李雨亭,演出于,天乐茶园
王玉本,演出于,天乐茶园
王玉本,演出于,景泰茶园
周玉禄,演出于,天乐茶园
李玉安,演出于,天乐茶园
李玉安,演出于,文明茶园
张宝昆,演出于,天乐茶园
张宝昆,演出于,文明茶园
张宝昆,演出于,同乐园松庆社
胡素仙,演出于,天乐茶园
胡素仙,演出于,文明茶园
胡素仙,演出于,同乐园松庆社
胡素仙,演出于,景泰茶园
沈福山,演出于,天乐茶园
沈福山,演出于,华乐园
沈福山,演出于,同乐茶园
沈福山,演出于,庆乐园
沈福山,演出于,庆乐茶园
陈鸿禧,演出于,天乐茶园
田雨农,演出于,天乐茶园
田雨农,演出于,同益茶园
田雨农,演出于,春仙茶园
牡丹花,演出于,天乐茶园
牡丹花,演出于,乐舞台
牡丹花,演出于,吉祥舞台
牡丹花,演出于,第一舞台
牡丹花,演出于,燕舞台
高玉元,演出于,天乐茶园
高玉元,演出于,同益茶园
高玉元,演出于,景泰茶园
恒乐亭,演出于,天乐茶园
恒乐亭,演出于,春仙茶园
小德顺,演出于,天乐茶园
小德顺,演出于,景泰茶园
小德云,演出于,天乐茶园
小庆云,演出于,天乐茶园
王老九,演出于,天乐茶园
阎玉禄,演出于,天乐茶园
台玉武,演出于,天乐茶园
台玉武,演出于,景泰茶园
刘仲英,演出于,天乐茶园
张金奎,演出于,天乐茶园
张金奎,演出于,春仙茶园
周三元,演出于,天乐茶园
狄春僊,演出于,天乐茶园
高四保,演出于,天乐茶园
高四保,演出于,文明茶园
高四保,演出于,春仙茶园
高四保,演出于,景泰茶园
黄永升,演出于,天乐茶园
小金升,演出于,天乐茶园
小鸿庆,演出于,天乐茶园
屈兆奎,演出于,天乐茶园
屈兆奎,演出于,文明茶园
王玉瑞,演出于,天乐茶园
马连登,演出于,天乐茶园
冯金寿,演出于,天乐茶园
张宝崐,演出于,天乐茶园
陈鸿喜,演出于,天乐茶园
陈鸿喜,演出于,吉祥茶园
李春恒,演出于,天乐茶园
李春恒,演出于,同益茶园
李春恒,演出于,哈尔飞戏院
李春恒,演出于,第一舞台
李春恒,演出于,燕舞台
贾洪林,演出于,天乐茶园
贾洪林,演出于,吉祥园
贾洪林,演出于,第一舞台
罗福山,演出于,天乐茶园
罗福山,演出于,吉祥园
罗福山,演出于,吉祥园双庆社
罗福山,演出于,同乐茶园
罗福山,演出于,庆乐茶园
罗福山,演出于,消闲友会
小客串,演出于,天乐茶园
小客串,演出于,开明戏院
小客串,演出于,文明茶园
小客串,演出于,吉祥舞台
小客串,演出于,堂会义务戏戏单
屈玉春,演出于,天乐茶园
苏桂珍,演出于,天乐茶园
苏桂珍,演出于,歌舞台
苏桂珍,演出于,燕舞台
姜顺僊,演出于,天乐茶园
清客串,演出于,天乐茶园
清客串,演出于,春仙茶园
清客串,演出于,吉祥舞台
李老七,演出于,天乐茶园
王五十,演出于,天乐茶园
刘玉松,演出于,天乐茶园
屈兆魁,演出于,天乐茶园
谢宝奎,演出于,天乐茶园
陆杏林,演出于,天乐茶园
陆杏林,演出于,同乐园松庆社
陆杏林,演出于,第一舞台
韩玉春,演出于,天乐茶园
韩玉春,演出于,文明茶园
陈福胜,演出于,天乐茶园
陈福胜,演出于,同乐园松庆社
狄春仙,演出于,天乐茶园
狄春仙,演出于,天和茶园
刘春亭,演出于,天乐茶园
刘春亭,演出于,开明戏院
刘春亭,演出于,同益茶园
张玉峯,演出于,天乐茶园
张玉峯,演出于,吉祥舞台
韩玉甫,演出于,天乐茶园
李玉庭,演出于,天乐茶园
许洪祥,演出于,天乐茶园
许洪祥,演出于,歌舞台
一块玉,演出于,天乐茶园
张子峰,演出于,天乐茶园
张子峰,演出于,同益茶园
张子峰,演出于,景泰茶园
李仲连,演出于,天乐茶园
周瑞齐,演出于,天乐茶园
金玉川,演出于,天乐茶园
白茂斋,演出于,天乐茶园
朱玉鳌,演出于,天乐茶园
朱玉鳌,演出于,同乐茶园
马凤彩,演出于,天乐茶园
马凤彩,演出于,同乐茶园
王金锁,演出于,天乐茶园
王金锁,演出于,同乐茶园
张福元,演出于,天乐茶园
侯益太,演出于,天乐茶园
王益友,演出于,天乐茶园
王益友,演出于,同乐茶园
梁玉和,演出于,天乐茶园
郭蓬莱,演出于,天乐茶园
胡庆和,演出于,天乐茶园
胡庆和,演出于,同乐茶园
韩世昌,演出于,天乐茶园
韩世昌,演出于,同乐茶园
韩世昌,演出于,消闲友会
齐凤山,演出于,天乐茶园
朱小义,演出于,天乐茶园
朱小义,演出于,同乐茶园
王益朋,演出于,天乐茶园
白云亭,演出于,天乐茶园
白云亭,演出于,同乐茶园
郭凤鸣,演出于,天乐茶园
侯益才,演出于,天乐茶园
韩子云,演出于,天乐茶园
韩子云,演出于,吉祥茶园
韩子云,演出于,同乐茶园
韩子云,演出于,春仙茶园
陈荣会,演出于,天乐茶园
陈荣会,演出于,同乐茶园
国尽臣,演出于,天乐茶园
陶显亭,演出于,天乐茶园
陶显亭,演出于,同乐茶园
郝振基,演出于,天乐茶园
郝振基,演出于,同乐茶园
侯炳五,演出于,天乐茶园
侯瑞春,演出于,天乐茶园
王树廷,演出于,天乐茶园
张小发,演出于,天乐茶园
王瑞长,演出于,天乐茶园
侯益隆,演出于,天乐茶园
侯益隆,演出于,同乐茶园
张小生,演出于,天乐茶园
王树云,演出于,天乐茶园
王树云,演出于,同乐茶园
胡庆元,演出于,天乐茶园
胡庆元,演出于,同乐茶园
张文生,演出于,天乐茶园
张文生,演出于,同乐茶园
侯五状,演出于,天乐茶园
侯海云,演出于,天乐茶园
侯海云,演出于,同乐茶园
吴荣英,演出于,天乐茶园
吴荣英,演出于,同乐茶园
马凤鸣,演出于,天乐茶园
李宝成,演出于,天乐茶园
樊连池,演出于,天乐茶园
高二秃,演出于,天乐茶园
高二秃,演出于,同乐茶园
张子发,演出于,天乐茶园
吴荥英,演出于,天乐茶园
白月桥,演出于,天乐茶园
白月桥,演出于,同乐茶园
侯五山,演出于,天乐茶园
张明兰,演出于,天乐茶园
李福杯,演出于,天乐茶园
梁玉如,演出于,天乐茶园
李治,演出于,天乐茶园
王瑞良,演出于,天乐茶园
李福林,演出于,天乐茶园
李鸣玉,演出于,华乐园
李鸣玉,演出于,消闲友会
孙甫庭,演出于,华乐园
李广顺,演出于,华乐园
李广顺,演出于,开明戏院
赵芝香,演出于,华乐园
赵芝香,演出于,吉祥园双庆社
赵芝香,演出于,吉祥园
赵芝香,演出于,同乐茶园
赵芝香,演出于,消闲友会
茹富兰,演出于,华乐园
茹富兰,演出于,开明戏院
诸连顺,演出于,华乐园
张鸣才,演出于,华乐园
郝连香,演出于,华乐园
陆富康,演出于,华乐园
赵富春,演出于,华乐园
十阵风,演出于,华乐园
十阵风,演出于,春仙茶园
孟大明,演出于,华乐园
荣蝶仙,演出于,华乐园
荣蝶仙,演出于,文明茶园
荣蝶仙,演出于,吉祥园
荣蝶仙,演出于,同乐园松庆社
荣蝶仙,演出于,春仙茶园
茹富惠,演出于,华乐园
茹富惠,演出于,华乐戏院
茹富惠,演出于,吉祥大戏院
茹富惠,演出于,哈尔飞戏院
王又全,演出于,华乐园
周绍筠,演出于,华乐园
张英奎,演出于,华乐园
张英奎,演出于,开明戏院
赵润田,演出于,华乐园
石燕棠,演出于,华乐园
谢信臣,演出于,华乐园
景立棠,演出于,华乐园
燕山居士,演出于,华乐园
碧艳霞,演出于,华乐园
素秋女士,演出于,华乐园
宝珠女士,演出于,华乐园
吕长福,演出于,华乐园
赵宝田,演出于,华乐园
金凌蝉,演出于,华乐园
刘燕侠,演出于,华乐园
王又荃,演出于,华乐园
王又荃,演出于,开明戏院
王又荃,演出于,长安大戏院
王又荃,演出于,消闲友会
陈喜兴,演出于,华乐园
陈喜兴,演出于,华乐戏院
李慧琴,演出于,华乐园
李慧琴,演出于,哈尔飞戏院
李玉泰,演出于,华乐园
李玉泰,演出于,第一舞台
李洪福,演出于,华乐园
叶盛兰,演出于,华乐园
叶盛兰,演出于,吉祥大戏院
叶盛兰,演出于,哈尔飞戏院
叶盛兰,演出于,消闲友会
何佩华,演出于,华乐园
何佩华,演出于,吉祥大戏院
何佩华,演出于,吉祥戏院
何佩华,演出于,庆乐戏院
何佩华,演出于,哈尔飞戏院
何佩华,演出于,新新戏院
高连峰,演出于,华乐园
高连峰,演出于,吉祥大戏院
曹连孝,演出于,华乐园
曹连孝,演出于,吉祥大戏院
曹连孝,演出于,吉祥戏院
曹连孝,演出于,消闲友会
茹富蕙,演出于,华乐园
茹富蕙,演出于,开明戏院
茹富蕙,演出于,新新戏院
高盛麟,演出于,华乐园
高盛麟,演出于,庆乐戏院
高盛麟,演出于,哈尔飞戏院
高盛麟,演出于,新新戏院
高盛麟,演出于,消闲友会
毛盛荣,演出于,华乐园
董富申,演出于,华乐园
董富申,演出于,吉祥舞台
陶玉芝,演出于,华乐园
陶玉芝,演出于,开明戏院
陶玉芝,演出于,吉祥大戏院
霍仲三,演出于,华乐园
霍仲三,演出于,华乐戏院
霍仲三,演出于,开明戏院
霍仲三,演出于,长安大戏院
霍仲三,演出于,吉祥大戏院
霍仲三,演出于,哈尔飞戏院
霍仲三,演出于,第一舞台
赵绮霞,演出于,华乐园
赵绮霞,演出于,吉祥大戏院
赵绮霞,演出于,吉祥戏院
赵绮霞,演出于,哈尔飞戏院
赵绮霞,演出于,消闲友会
高荣亭,演出于,华乐园
高荣亭,演出于,长安大戏院
高荣亭,演出于,吉祥大戏院
高荣亭,演出于,庆乐戏院
高荣亭,演出于,哈尔飞戏院
孙福亮,演出于,华乐戏院
孙福亮,演出于,吉祥大戏院
孙福亮,演出于,消闲友会
姜铁麟,演出于,华乐戏院
韩铁奎,演出于,华乐戏院
徐铁龙,演出于,华乐戏院
张龄童,演出于,华乐戏院
张鸿生,演出于,华乐戏院
义小亭,演出于,华乐戏院
霍明如,演出于,华乐戏院
霍明如,演出于,吉祥大戏院
霍明如,演出于,歌舞台
张富湘,演出于,华乐戏院
张富湘,演出于,吉祥舞台
王美云,演出于,华乐戏院
关丽卿,演出于,华乐戏院
关丽卿,演出于,吉祥戏院
陈少五,演出于,华乐戏院
陈少五,演出于,开明戏院
陈少五,演出于,吉祥园
陈少五,演出于,吉祥大戏院
陈少五,演出于,庆乐戏院
陈少五,演出于,哈尔飞戏院
陈少五,演出于,消闲友会
朱世奎,演出于,华乐戏院
罗世翰,演出于,华乐戏院
袁世勇,演出于,华乐戏院
徐东明,演出于,华乐戏院
张星洲,演出于,华乐戏院
张星洲,演出于,庆乐戏院
李继香,演出于,华乐戏院
云鹏,演出于,华乐戏院
李庆才,演出于,华乐戏院
李庆才,演出于,哈尔飞戏院
李玉太,演出于,华乐戏院
李玉太,演出于,哈尔飞戏院
李玉太,演出于,新新大戏院
陶玉树,演出于,华乐戏院
陶玉树,演出于,开明戏院
陶玉树,演出于,吉祥大戏院
陶玉树,演出于,哈尔飞戏院
焦凤池,演出于,华乐戏院
焦凤池,演出于,开明戏院
钱德明,演出于,华乐戏院
钱德明,演出于,哈尔飞戏院
郭世贻,演出于,华乐戏院
王士英,演出于,华乐戏院
王士英,演出于,哈尔飞戏院
张树田,演出于,华乐戏院
张树田,演出于,长安大戏院
任富宝,演出于,华乐戏院
任富宝,演出于,哈尔飞戏院
诸子良,演出于,华乐戏院
时青山,演出于,华乐戏院
时青山,演出于,哈尔飞戏院
刘素芬,演出于,天和茶园
刘殿甲,演出于,天和茶园
刘素珍,演出于,天和茶园
孙老德,演出于,天和茶园
赵德发,演出于,天和茶园
王鹤年,演出于,天和茶园
水鲜花,演出于,天和茶园
诸广臣,演出于,天和茶园
小莲花,演出于,天和茶园
小莲花,演出于,庆乐园
王忠和,演出于,天和茶园
韩瑞成,演出于,天和茶园
周福才,演出于,天和茶园
高文仲,演出于,天和茶园
赵福月,演出于,天和茶园
诸广德,演出于,天和茶园
小桂喜,演出于,天和茶园
金雨亭,演出于,天和茶园
小玉如,演出于,天和茶园
张玉兰,演出于,天和茶园
杨风林,演出于,天和茶园
张红霞,演出于,天和茶园
董菊芳,演出于,天和茶园
王惠芬,演出于,天和茶园
小四喜,演出于,天和茶园
小四喜,演出于,燕喜堂
王桂芬,演出于,天和茶园
师翠仙,演出于,天和茶园
于少奎,演出于,天和茶园
小四青,演出于,天和茶园
于茂茹,演出于,天和茶园
金仙君,演出于,天和茶园
世福臣,演出于,天和茶园
德子文,演出于,天和茶园
德子文,演出于,景泰茶园
德子文,演出于,消闲友会
郭子明,演出于,天和茶园
殿佑臣,演出于,天和茶园
连仲三,演出于,天和茶园
连仲三,演出于,西安园
连仲三,演出于,景泰茶园
沈俊臣,演出于,天和茶园
福君寿山,演出于,天和茶园
支仲英,演出于,天和茶园
唐荣祥,演出于,天和茶园
尹晓峰,演出于,天和茶园
刘君桂亭,演出于,天和茶园
谭春仲,演出于,天和茶园
谭春仲,演出于,开明戏院
谭春仲,演出于,吉祥茶园
郝君杰臣,演出于,天和茶园
刘君事痴,演出于,天和茶园
六阵风,演出于,天和茶园
六阵风,演出于,歌舞台
李振山,演出于,天和茶园
高维廉,演出于,开明戏院
高维廉,演出于,哈尔飞戏院
王碧臣,演出于,开明戏院
董文■,演出于,开明戏院
韩月■,演出于,开明戏院
方玉珍,演出于,开明戏院
白庆祥,演出于,开明戏院
白庆祥,演出于,哈尔飞戏院
李福友,演出于,开明戏院
李福友,演出于,哈尔飞戏院
刘斌升,演出于,开明戏院
刘斌升,演出于,第一舞台
刘斌升,演出于,消闲友会
李德元,演出于,开明戏院
张美云,演出于,开明戏院
张凤鸣,演出于,开明戏院
梁桂亭,演出于,开明戏院
华曼秋,演出于,开明戏院
冯玉仙,演出于,开明戏院
王凤如,演出于,开明戏院
律凤霞,演出于,开明戏院
周瑞翔,演出于,开明戏院
李玉卿,演出于,开明戏院
李玉卿,演出于,吉祥茶园
王红喜,演出于,开明戏院
徐斌寿,演出于,开明戏院
徐斌寿,演出于,吉祥大戏院
徐斌寿,演出于,消闲友会
金茂如,演出于,开明戏院
赵静塵,演出于,开明戏院
董碧兰,演出于,开明戏院
董碧兰,演出于,吉祥大戏院
霍益仲,演出于,开明戏院
程玉菁,演出于,开明戏院
言菊朋,演出于,开明戏院
言菊朋,演出于,哈尔飞戏院
言菊朋,演出于,第一舞台
言菊朋,演出于,消闲友会
陆喜才,演出于,开明戏院
陆喜才,演出于,长安大戏院
陆喜才,演出于,吉祥大戏院
陆喜才,演出于,吉祥戏院
陆喜才,演出于,庆升茶园
陆喜才,演出于,第一舞台
赵韵声,演出于,开明戏院
高富遠,演出于,开明戏院
慈永勝,演出于,开明戏院
贯盛籍,演出于,开明戏院
陈盛太,演出于,开明戏院
王德禄,演出于,开明戏院
王德禄,演出于,哈尔飞戏院
王德禄,演出于,第一舞台
新麗琴,演出于,开明戏院
珍珠花,演出于,开明戏院
珍珠花,演出于,魁华舞台
巧艳梅,演出于,开明戏院
安冠英,演出于,开明戏院
安冠英,演出于,同乐园
李桂琴,演出于,开明戏院
小白玉双,演出于,开明戏院
单宝峰,演出于,开明戏院
碧月珠,演出于,开明戏院
孙景芳,演出于,开明戏院
凤云仙,演出于,开明戏院
活傻子,演出于,开明戏院
花凤仙,演出于,开明戏院
小金花,演出于,开明戏院
李小兰,演出于,开明戏院
单小桂,演出于,开明戏院
王文元,演出于,开明戏院
王文元,演出于,消闲友会
单宝珍,演出于,开明戏院
邢玉清,演出于,开明戏院
郭铭甫,演出于,开明戏院
孙焕发,演出于,开明戏院
孙宝亭,演出于,开明戏院
小白玉雪,演出于,开明戏院
小艳楼,演出于,开明戏院
安凤蝶,演出于,开明戏院
禹景泉,演出于,开明戏院
何永富,演出于,开明戏院
孙小亭,演出于,开明戏院
龔万才,演出于,开明戏院
焦景俊,演出于,开明戏院
焦铭钰,演出于,开明戏院
张桂亭,演出于,开明戏院
宋继亭,演出于,开明戏院
宋继亭,演出于,新新大戏院
赵春锦,演出于,开明戏院
赵春锦,演出于,吉祥大戏院
赵春锦,演出于,哈尔飞戏院
赵春锦,演出于,第一舞台
李一车,演出于,开明戏院
李一车,演出于,哈尔飞戏院
李一车,演出于,燕舞台
乔玉林,演出于,开明戏院
乔玉林,演出于,庆乐茶园
乔玉林,演出于,景泰茶园
朱琴心,演出于,开明戏院
朱琴心,演出于,消闲友会
裘桂仙,演出于,开明戏院
裘桂仙,演出于,吉祥园双庆社
裘桂仙,演出于,吉祥园
裘桂仙,演出于,吉祥茶园
裘桂仙,演出于,消闲友会
余叔岩,演出于,开明戏院
余叔岩,演出于,消闲友会
沈三玉,演出于,开明戏院
沈三玉,演出于,民乐茶园
沈三玉,演出于,哈尔飞戏院
俞振庭,演出于,开明戏院
俞振庭,演出于,文明茶园
俞振庭,演出于,吉祥园
俞振庭,演出于,吉祥园双庆社
俞振庭,演出于,消闲友会
王菊芳,演出于,开明戏院
王菊芳,演出于,第一舞台
安乐亭,演出于,开明戏院
安乐亭,演出于,同乐茶园
第一怪,演出于,开明戏院
第一怪,演出于,吉祥舞台
孟洪寿,演出于,开明戏院
鲍顺义,演出于,开明戏院
俞赞庭,演出于,开明戏院
俞赞庭,演出于,吉祥园双庆社
俞赞庭,演出于,吉祥园
朱素云,演出于,开明戏院
朱素云,演出于,消闲友会
衆学生,演出于,文明茶园
韵秀,演出于,文明茶园
国兴,演出于,文明茶园
小益芳,演出于,文明茶园
小益芳,演出于,消闲友会
小梅,演出于,文明茶园
孙六,演出于,文明茶园
赵仙放,演出于,文明茶园
陆六,演出于,文明茶园
福■,演出于,文明茶园
五奎,演出于,文明茶园
学生,演出于,文明茶园
学生,演出于,庆升茶园
学生,演出于,春仙茶园
学生,演出于,消闲友会
永庆,演出于,文明茶园
永虎,演出于,文明茶园
永龙,演出于,文明茶园
永顯,演出于,文明茶园
永增,演出于,文明茶园
永祯,演出于,文明茶园
玉林,演出于,文明茶园
玉福,演出于,文明茶园
小朱四,演出于,文明茶园
佩芝,演出于,文明茶园
佩玉,演出于,文明茶园
陈彩林,演出于,文明茶园
吴松泉,演出于,文明茶园
韦处,演出于,文明茶园
瑞四,演出于,文明茶园
陈鸣奎,演出于,文明茶园
杨小朶,演出于,文明茶园
徐立堂,演出于,文明茶园
梅荣齊,演出于,文明茶园
曹桂红,演出于,文明茶园
曹桂荣,演出于,文明茶园
刘桂英,演出于,文明茶园
金宝林,演出于,文明茶园
邓俊峰,演出于,文明茶园
翟桂云,演出于,文明茶园
翟桂云,演出于,燕喜堂
金桂林,演出于,文明茶园
于子霞,演出于,文明茶园
小云楼,演出于,文明茶园
小云楼,演出于,第一舞台
孙一清,演出于,文明茶园
王顺兰,演出于,文明茶园
王顺兰,演出于,庆升茶园
杨文奎,演出于,文明茶园
于霞卿,演出于,文明茶园
于霞卿,演出于,德泉戏园
于霞卿,演出于,燕喜茶园
王顺红,演出于,文明茶园
王翠红,演出于,文明茶园
王翠红,演出于,德泉戏园
王翠凤,演出于,文明茶园
王翠凤,演出于,德泉戏园
王翠凤,演出于,燕喜堂
小爱云,演出于,文明茶园
小爱云,演出于,燕喜茶园
小红贵,演出于,文明茶园
小红贵,演出于,燕喜茶园
田宝峰,演出于,文明茶园
赵达■,演出于,文明茶园
冯春和,演出于,文明茶园
冯春和,演出于,吉祥园
冯春和,演出于,吉祥园双庆社
冯春和,演出于,第一舞台
张秋霞,演出于,文明茶园
徐春明,演出于,文明茶园
徐春明,演出于,吉祥园
小月樵,演出于,文明茶园
时玉奎,演出于,文明茶园
时玉奎,演出于,吉祥园
时玉奎,演出于,新明剧场
韩雨田,演出于,文明茶园
韩雨田,演出于,春仙茶园
韩雨田,演出于,景泰茶园
汪金林,演出于,文明茶园
汪金林,演出于,吉祥园
汪金林,演出于,吉祥园双庆社
汪金林,演出于,第一舞台
汪金林,演出于,景泰茶园
朱德山,演出于,文明茶园
赵之香,演出于,文明茶园
赵之香,演出于,景泰茶园
吴犀蝉,演出于,文明茶园
樊和真,演出于,文明茶园
黄润甫,演出于,文明茶园
黄润甫,演出于,庆升茶园
李鑫甫,演出于,文明茶园
李鑫甫,演出于,吉祥园
马宝芬,演出于,文明茶园
李菊笙,演出于,文明茶园
高永峰,演出于,文明茶园
朱湘泉,演出于,文明茶园
朱湘泉,演出于,吉祥园
朱湘泉,演出于,同乐茶园
朱湘泉,演出于,庆乐园
朱湘泉,演出于,庆乐茶园
钱俊仙,演出于,文明茶园
钱俊仙,演出于,春仙茶园
王瑶卿,演出于,文明茶园
王丽■,演出于,文明茶园
范永泰,演出于,文明茶园
唐长立,演出于,文明茶园
吴稚禅,演出于,文明茶园
张德山,演出于,文明茶园
小荣升,演出于,文明茶园
庞立云,演出于,文明茶园
彭福陵,演出于,文明茶园
朱德芬,演出于,文明茶园
朱德芬,演出于,吉祥园
朱德芬,演出于,吉祥园双庆社
朱德芬,演出于,同乐茶园
朱德芬,演出于,燕喜茶园
芦清元,演出于,文明茶园
芦清元,演出于,春仙茶园
五阵风,演出于,文明茶园
五阵风,演出于,吉祥园
穆喜忠,演出于,文明茶园
姚宝森,演出于,文明茶园
姚宝森,演出于,吉祥园
董凤岩,演出于,文明茶园
董凤岩,演出于,吉祥园
董凤岩,演出于,庆升茶园
盖奎官,演出于,文明茶园
盖奎官,演出于,吉祥园双庆社
俞玉亭,演出于,文明茶园
姜玉佩,演出于,文明茶园
姜玉佩,演出于,庆乐茶园
高田金,演出于,文明茶园
冯慧林,演出于,文明茶园
迟子俊,演出于,文明茶园
迟子俊,演出于,吉祥园
迟子俊,演出于,吉祥园双庆社
孙小华,演出于,文明茶园
孙小华,演出于,吉祥园
孙小华,演出于,同乐园松庆社
时慧宝,演出于,文明茶园
时慧宝,演出于,吉祥园
时慧宝,演出于,哈尔飞戏院
时慧宝,演出于,新明剧场
李寿峰,演出于,文明茶园
李寿峰,演出于,吉祥园
李寿峰,演出于,吉祥园双庆社
迟景昆,演出于,文明茶园
迟景昆,演出于,吉祥园
迟景昆,演出于,吉祥园双庆社
李春义,演出于,文明茶园
李春义,演出于,吉祥园
李春义,演出于,庆乐戏院
李春义,演出于,哈尔飞戏院
董志斌,演出于,文明茶园
盖月樵,演出于,文明茶园
盖月樵,演出于,庆升茶园
杨永春,演出于,文明茶园
董少岩,演出于,文明茶园
小白■,演出于,文明茶园
吴和吉,演出于,文明茶园
吴和吉,演出于,吉祥园
王瑞福,演出于,文明茶园
李少山,演出于,文明茶园
李少山,演出于,吉祥园
沈长林,演出于,文明茶园
唐芝方,演出于,文明茶园
陈德霖,演出于,文明茶园
陈德霖,演出于,新明剧场
陈德霖,演出于,消闲友会
孙菊仙,演出于,文明茶园
高峰瑞,演出于,文明茶园
高峰瑞,演出于,吉祥园
俞赞亭,演出于,文明茶园
朱得芬,演出于,文明茶园
朱得芬,演出于,吉祥园
朱得芬,演出于,吉祥园双庆社
刘永春,演出于,文明茶园
连红霞,演出于,文明茶园
连红霞,演出于,吉祥园
何少奎,演出于,文明茶园
■兆奎,演出于,文明茶园
吴西禅,演出于,文明茶园
吴西禅,演出于,吉祥园
吴西禅,演出于,吉祥茶园
吴西禅,演出于,吉祥园双庆社
张得山,演出于,文明茶园
吴穉禅,演出于,文明茶园
王永昌,演出于,长安大戏院
韩金福,演出于,长安大戏院
韩金福,演出于,吉祥大戏院
刘宗扬,演出于,长安大戏院
刘宗扬,演出于,吉祥大戏院
王叔奎,演出于,长安大戏院
王叔奎,演出于,吉祥大戏院
王叔奎,演出于,哈尔飞戏院
刘玉泰,演出于,长安大戏院
刘玉泰,演出于,哈尔飞戏院
杨小楼,演出于,长安大戏院
杨小楼,演出于,吉祥大戏院
杨小楼,演出于,吉祥茶园
杨小楼,演出于,庆升茶园
杨小楼,演出于,哈尔飞戏院
杨小楼,演出于,春仙茶园
杨小楼,演出于,第一舞台
杨小楼,演出于,消闲友会
刘砚亭,演出于,长安大戏院
刘砚亭,演出于,吉祥园
刘砚亭,演出于,吉祥大戏院
刘砚亭,演出于,吉祥园双庆社
刘砚亭,演出于,同乐园松庆社
刘砚亭,演出于,庆乐戏院
刘砚亭,演出于,第一舞台
刘砚亭,演出于,消闲友会
侯海林,演出于,长安大戏院
侯海林,演出于,吉祥大戏院
侯海林,演出于,第一舞台
庆元,演出于,东庆茶园
福寿,演出于,东庆茶园
益祥,演出于,东庆茶园
庆云,演出于,东庆茶园
李顺,演出于,东庆茶园
荣秀,演出于,东庆茶园
益永,演出于,东庆茶园
益长,演出于,东庆茶园
荣寿,演出于,东庆茶园
双春,演出于,东庆茶园
子福,演出于,东庆茶园
鹤鸣,演出于,东庆茶园
荣喜,演出于,东庆茶园
庆合,演出于,东庆茶园
荣会,演出于,东庆茶园
益友,演出于,东庆茶园
荣来,演出于,东庆茶园
荣庆,演出于,东庆茶园
子云,演出于,东庆茶园
杜云卿,演出于,乐舞台
张风仙,演出于,乐舞台
杜云仙,演出于,乐舞台
杜云仙,演出于,庆乐园
李翠红,演出于,乐舞台
王蕊■,演出于,乐舞台
高金红,演出于,乐舞台
高金红,演出于,吉祥茶园
高金红,演出于,第一舞台
韩金喜,演出于,乐舞台
韩金喜,演出于,庆乐园
韩金喜,演出于,燕喜堂
宋正喜,演出于,乐舞台
宋正喜,演出于,魁华舞台
宋正喜,演出于,堂会义务戏戏单
马金翠,演出于,乐舞台
黑金翠,演出于,乐舞台
黑金翠,演出于,燕舞台
黑金翠,演出于,堂会义务戏戏单
张金仙,演出于,乐舞台
小玉奎,演出于,乐舞台
小玉奎,演出于,庆乐园
小吉瑞,演出于,乐舞台
小砚云,演出于,乐舞台
雷风楼,演出于,乐舞台
小宝华,演出于,乐舞台
刘金铃,演出于,乐舞台
刘金娥,演出于,乐舞台
小月华,演出于,乐舞台
金秀英,演出于,乐舞台
邹月樵,演出于,乐舞台
金桂福,演出于,乐舞台
张翠红,演出于,乐舞台
■素云,演出于,乐舞台
于喜云,演出于,乐舞台
金宝红,演出于,乐舞台
金宝红,演出于,魁华舞台
桂灵芝,演出于,乐舞台
金灵芝,演出于,乐舞台
金灵芝,演出于,吉祥舞台
何翠喜,演出于,乐舞台
何翠喜,演出于,堂会义务戏戏单
徐俊卿,演出于,乐舞台
邹凤喜,演出于,乐舞台
高凤茹,演出于,乐舞台
高凤茹,演出于,魁华舞台
邹风喜,演出于,乐舞台
高风茹,演出于,乐舞台
张金翠,演出于,乐舞台
筱玉奎,演出于,乐舞台
筱吉瑞,演出于,乐舞台
筱砚云,演出于,乐舞台
张小培,演出于,乐舞台
王素云,演出于,乐舞台
王子茹,演出于,乐舞台
杜凤来,演出于,乐舞台
茹月卿,演出于,乐舞台
王云仙,演出于,乐舞台
关月仙,演出于,乐舞台
关月仙,演出于,燕舞台
高凤奎,演出于,乐舞台
高凤奎,演出于,魁华舞台
董翠香,演出于,乐舞台
曾会舫,演出于,乐舞台
王菊芬,演出于,乐舞台
金翠芬,演出于,乐舞台
金翠芬,演出于,景泰茶园
金翠芬,演出于,魁华舞台
石玉仙,演出于,乐舞台
董兰香,演出于,乐舞台
王桂兰,演出于,乐舞台
于笑如,演出于,乐舞台
韩翠喜,演出于,乐舞台
韩翠喜,演出于,魁华舞台
韩翠喜,演出于,堂会义务戏戏单
王淑红,演出于,乐舞台
王淑卿,演出于,乐舞台
金砚铃,演出于,乐舞台
刘秀卿,演出于,乐舞台
刘秀卿,演出于,魁华舞台
■桂芬,演出于,乐舞台
王兰芬,演出于,乐舞台
林艳秋,演出于,乐舞台
筱甫云,演出于,乐舞台
张彩芬,演出于,乐舞台
张彩芬,演出于,燕舞台
张洪奎,演出于,乐舞台
张洪奎,演出于,燕舞台
珍珠鑚,演出于,乐舞台
珍珠鑚,演出于,燕舞台
月明珠,演出于,乐舞台
金宝铃,演出于,乐舞台
金宝铃,演出于,庆乐园
张凤林,演出于,乐舞台
任风兰,演出于,乐舞台
筱兰芬,演出于,乐舞台
筱兰芬,演出于,庆乐戏园
王荣卿,演出于,乐舞台
郭月仙,演出于,乐舞台
苏彩凤,演出于,乐舞台
苏彩凤,演出于,燕舞台
高凤如,演出于,乐舞台
刘兰之,演出于,乐舞台
李金■,演出于,乐舞台
金玉凤,演出于,乐舞台
张凤仙,演出于,乐舞台
小仙宝,演出于,乐舞台
■凤来,演出于,乐舞台
小俊忠,演出于,乐舞台
小俊福,演出于,乐舞台
小俊禄,演出于,乐舞台
小俊平,演出于,乐舞台
小俊风,演出于,乐舞台
小俊华,演出于,乐舞台
明月兰,演出于,乐舞台
金小英,演出于,乐舞台
金小英,演出于,燕舞台
金小英,演出于,堂会义务戏戏单
金俊兰,演出于,乐舞台
李翠卿,演出于,乐舞台
李翠卿,演出于,第一舞台
刘六珍,演出于,乐舞台
刘风云,演出于,乐舞台
玉灵芝,演出于,乐舞台
玉灵芝,演出于,魁华舞台
孙云卿,演出于,乐舞台
小风仙,演出于,乐舞台
李桂红,演出于,乐舞台
金桂■,演出于,乐舞台
张桂红,演出于,乐舞台
张桂红,演出于,燕舞台
高凤仙,演出于,乐舞台
金俊铃,演出于,乐舞台
韩翠凤,演出于,乐舞台
金云升,演出于,乐舞台
小俊卿,演出于,乐舞台
小俊卿,演出于,魁华舞台
小永茂,演出于,民乐茶园
谭金昇,演出于,民乐茶园
七岁红,演出于,民乐茶园
七岁红,演出于,吉祥茶园
七岁红,演出于,同益茶园
六岁旦,演出于,民乐茶园
筱连升,演出于,民乐茶园
一阵风,演出于,民乐茶园
一阵风,演出于,西安园
一阵风,演出于,春仙茶园
于三五,演出于,民乐茶园
孙庆仙,演出于,民乐茶园
孙庆仙,演出于,春仙茶园
于三武,演出于,民乐茶园
陈三禄,演出于,民乐茶园
赵凤鸣,演出于,民乐茶园
王三青,演出于,民乐茶园
高寿山,演出于,民乐茶园
玻璃丑,演出于,民乐茶园
六月仙,演出于,吉祥茶园
六月仙,演出于,吉祥园
六月仙,演出于,燕喜茶园
小德清,演出于,吉祥茶园
小德春,演出于,吉祥茶园
小德春,演出于,吉祥园
小德春,演出于,吉祥舞台
小德春,演出于,燕喜茶园
小春亭,演出于,吉祥茶园
小和盛,演出于,吉祥茶园
小千红,演出于,吉祥茶园
小千红,演出于,吉祥园
小千红,演出于,歌舞台
小千红,演出于,燕喜茶园
小牡丹,演出于,吉祥茶园
小牡丹,演出于,吉祥园
小牡丹,演出于,春仙茶园
刘静轩,演出于,吉祥茶园
刘静轩,演出于,吉祥园
刘静轩,演出于,庆升茶园
杨华廷,演出于,吉祥茶园
杨华廷,演出于,吉祥园
小长胜,演出于,吉祥茶园
小长胜,演出于,燕喜茶园
朱如云,演出于,吉祥茶园
朱如云,演出于,春仙茶园
锡润山,演出于,吉祥茶园
锡润山,演出于,吉祥园
锡润山,演出于,春仙茶园
紫金仙,演出于,吉祥茶园
紫金仙,演出于,春仙茶园
玉娃子,演出于,吉祥茶园
小春芳,演出于,吉祥茶园
小春芳,演出于,吉祥园
张秀峰,演出于,吉祥茶园
刘小黑,演出于,吉祥茶园
刘小黑,演出于,吉祥园
小祁五,演出于,吉祥茶园
小祁五,演出于,燕喜茶园
小金豆,演出于,吉祥茶园
小金处,演出于,吉祥茶园
四阵风,演出于,吉祥茶园
四阵风,演出于,吉祥园
周和茂,演出于,吉祥茶园
王和财,演出于,吉祥茶园
王和财,演出于,吉祥园
张和意,演出于,吉祥茶园
张和意,演出于,吉祥园
小黑灯,演出于,吉祥茶园
小黑灯,演出于,春仙茶园
小黑灯,演出于,燕喜茶园
小月山,演出于,吉祥茶园
草上飞,演出于,吉祥茶园
草上飞,演出于,吉祥园
草上飞,演出于,西安园
草上飞,演出于,春仙茶园
小春廷,演出于,吉祥茶园
小春廷,演出于,吉祥园
小双屏,演出于,吉祥茶园
小双屏,演出于,吉祥园
小双屏,演出于,魁华舞台
小双屏,演出于,燕喜茶园
刘宝奎,演出于,吉祥茶园
小德宝,演出于,吉祥茶园
小长顺,演出于,吉祥茶园
小长顺,演出于,春仙茶园
玫瑰花,演出于,吉祥茶园
董春来,演出于,吉祥茶园
筱瑞子,演出于,吉祥茶园
张庆奎,演出于,吉祥茶园
张庆奎,演出于,吉祥园
盖七省,演出于,吉祥茶园
吴长顺,演出于,吉祥茶园
吴长顺,演出于,吉祥园
吴长顺,演出于,西安园
李文卿,演出于,吉祥茶园
李宝廷,演出于,吉祥茶园
黑祥子,演出于,吉祥茶园
筱小朵,演出于,吉祥茶园
小梧桐,演出于,吉祥茶园
小梧桐,演出于,吉祥园
小梧桐,演出于,春仙茶园
幼童,演出于,吉祥茶园
小瑞仙,演出于,吉祥茶园
蒋宝成,演出于,吉祥茶园
郭九铃,演出于,吉祥茶园
郭九铃,演出于,吉祥园
郭九铃,演出于,西安园
沈长胜,演出于,吉祥茶园
沈长胜,演出于,吉祥园
鸣雷,演出于,吉祥茶园
小和意,演出于,吉祥茶园
小和意,演出于,吉祥园
洒金红,演出于,吉祥茶园
洒金红,演出于,西安园
小洪升,演出于,吉祥茶园
紫梅友,演出于,吉祥茶园
王和才,演出于,吉祥茶园
王和才,演出于,吉祥园
扬华廷,演出于,吉祥茶园
杨玉娄,演出于,吉祥茶园
杨玉娄,演出于,吉祥园
杨玉娄,演出于,西安园
杨玉娄,演出于,春仙茶园
王和群,演出于,吉祥茶园
王和群,演出于,吉祥园
玉明翠,演出于,吉祥茶园
玉明翠,演出于,吉祥园
老老虎,演出于,吉祥茶园
小润香,演出于,吉祥茶园
小润香,演出于,吉祥园
董春林,演出于,吉祥茶园
合演,演出于,吉祥茶园
合演,演出于,吉祥园
小和群,演出于,吉祥茶园
小和群,演出于,吉祥园
小和双,演出于,吉祥茶园
小和双,演出于,吉祥园
小考虎,演出于,吉祥茶园
小春宝,演出于,吉祥茶园
小鸣雷,演出于,吉祥茶园
金丝猴,演出于,吉祥茶园
金丝猴,演出于,吉祥园
谢双寿,演出于,吉祥茶园
谢双寿,演出于,吉祥园
刘宝峯,演出于,吉祥茶园
刘宝峯,演出于,吉祥园
董世元,演出于,吉祥茶园
董世元,演出于,吉祥园
小九铃,演出于,吉祥茶园
小和羣,演出于,吉祥园
盖三省,演出于,吉祥园
赛吕布,演出于,吉祥园
姚桂秋,演出于,吉祥园
刘廷顺,演出于,吉祥园
王和羣,演出于,吉祥园
李长奎,演出于,吉祥园
林长海,演出于,吉祥园
小和才,演出于,吉祥园
孙锡彬,演出于,吉祥园
许谒臣,演出于,吉祥园
孙锡斌,演出于,吉祥园
冯月亭,演出于,吉祥园
龎和山,演出于,吉祥园
王崇银,演出于,吉祥园
王崇银,演出于,春仙茶园
李连义,演出于,吉祥园
王春桂,演出于,吉祥园
文少舫,演出于,吉祥园
小春舫,演出于,吉祥园
常俊卿,演出于,吉祥园
吴永童,演出于,吉祥园
马文成,演出于,吉祥园
荣福寿,演出于,吉祥园
金乐亭,演出于,吉祥园
金乐亭,演出于,春仙茶园
王大库,演出于,吉祥园
冯月廷,演出于,吉祥园
自来丑,演出于,吉祥园
自来丑,演出于,同益茶园
自来丑,演出于,春仙茶园
梅桂花,演出于,吉祥园
王长清,演出于,吉祥园
吉振亭,演出于,吉祥园
吉振亭,演出于,吉祥舞台
吉振亭,演出于,春仙茶园
曹福安,演出于,吉祥园
小七金子,演出于,吉祥园
五月仙,演出于,吉祥园
五月仙,演出于,春仙茶园
五月仙,演出于,第一舞台
小不点,演出于,吉祥园
沈连顺,演出于,吉祥园
人人乐,演出于,吉祥园
孟俊卿,演出于,吉祥园
玉兰花,演出于,吉祥园
孙和桂,演出于,吉祥园
杨和林,演出于,吉祥园
刘和福,演出于,吉祥园
冯月庭,演出于,吉祥园
小德林,演出于,吉祥园
小德林,演出于,春仙茶园
银娃娃,演出于,吉祥园
银娃娃,演出于,庆升茶园
银娃娃,演出于,西安园
银娃娃,演出于,燕喜茶园
小文祥,演出于,吉祥园
小德福,演出于,吉祥园
玻璃红,演出于,吉祥园
玻璃红,演出于,春仙茶园
十二旦,演出于,吉祥园
十二旦,演出于,春仙茶园
十二旦,演出于,歌舞台
十二旦,演出于,燕喜茶园
董玉山,演出于,吉祥园
小长勝,演出于,吉祥茶园
全班学生,演出于,吉祥茶园
董风仙,演出于,吉祥茶园
张素芳,演出于,吉祥茶园
郝佩云,演出于,吉祥茶园
郝佩云,演出于,春仙茶园
张秀琴,演出于,吉祥茶园
王金福,演出于,吉祥茶园
王金福,演出于,哈尔飞戏院
郑云霞,演出于,吉祥茶园
金月楼,演出于,吉祥茶园
金月楼,演出于,第一舞台
朱连香,演出于,吉祥茶园
赵连奎,演出于,吉祥茶园
赵连奎,演出于,德泉戏园
赵连奎,演出于,燕喜茶园
赵连奎,演出于,燕喜堂
金玉楼,演出于,吉祥茶园
金小楼,演出于,吉祥茶园
金翠楼,演出于,吉祥茶园
银月梅,演出于,吉祥茶园
银月梅,演出于,春仙茶园
花素仙,演出于,吉祥茶园
花素仙,演出于,春仙茶园
花宝林,演出于,吉祥茶园
花宝林,演出于,燕喜堂
安桂媛,演出于,吉祥茶园
泉紫芳,演出于,吉祥茶园
尚佩琴,演出于,吉祥茶园
李翠仙,演出于,吉祥茶园
李翠仙,演出于,春仙茶园
小凤仙,演出于,吉祥茶园
小凤仙,演出于,第一舞台
小凤仙,演出于,燕舞台
王又辰,演出于,吉祥园
陈洪禧,演出于,吉祥园
芦庆元,演出于,吉祥园
张寿山,演出于,吉祥园
蘆奎官,演出于,吉祥园
朱得山,演出于,吉祥园
■如■,演出于,吉祥园
李喜林,演出于,吉祥园
芦月樵,演出于,吉祥园
岳寿林,演出于,吉祥园
杨永■,演出于,吉祥园
筱洪■,演出于,吉祥园
筱水■,演出于,吉祥园
厐立云,演出于,吉祥园
增长胜,演出于,吉祥园
许荫堂,演出于,吉祥园
俞替庭,演出于,吉祥园
俞替庭,演出于,吉祥园双庆社
方宝金,演出于,吉祥园
汪金材,演出于,吉祥园双庆社
方洪顺,演出于,吉祥园双庆社
方洪顺,演出于,吉祥园
方洪顺,演出于,同乐茶园
方洪顺,演出于,庆升茶园
方洪顺,演出于,第一舞台
冯会林,演出于,吉祥园双庆社
冯会林,演出于,吉祥园
冯会林,演出于,庆升茶园
程清芬,演出于,吉祥园双庆社
扎金全,演出于,吉祥园双庆社
李淂？,演出于,吉祥园双庆社
朱玉龙,演出于,吉祥园双庆社
朱玉龙,演出于,吉祥园
七连风,演出于,吉祥园双庆社
付春茂,演出于,吉祥园双庆社
付春茂,演出于,庆乐园
盖奎友,演出于,吉祥园双庆社
王荣山,演出于,吉祥园双庆社
余振庭,演出于,吉祥园双庆社
刘砚廷,演出于,吉祥园双庆社
刘砚廷,演出于,吉祥园
传小山,演出于,吉祥园双庆社
谢春芳,演出于,吉祥园双庆社
谢春芳,演出于,吉祥园
王立卿,演出于,吉祥园双庆社
王立卿,演出于,吉祥园
尹彩云,演出于,吉祥园双庆社
徐春玲,演出于,吉祥园
傅春茂,演出于,吉祥园
傅春茂,演出于,吉祥园双庆社
傅春茂,演出于,庆乐茶园
程继光,演出于,吉祥园
曾二庚,演出于,吉祥园
曾二庚,演出于,吉祥园双庆社
余振霆,演出于,吉祥园
吴玉林,演出于,吉祥园
吴玉林,演出于,燕舞台
徐春琪,演出于,吉祥园
胡长太,演出于,吉祥园
付小山,演出于,吉祥园
付小山,演出于,吉祥茶园
付小山,演出于,吉祥园双庆社
付小山,演出于,庆乐园
郭庆来,演出于,吉祥园
郭庆来,演出于,春仙茶园
陈文啟,演出于,吉祥园
慈瑞金,演出于,吉祥园
俞替亭,演出于,吉祥园
王杏官,演出于,吉祥园
傅香茂,演出于,吉祥园
谢香芳,演出于,吉祥园
赵寿臣,演出于,吉祥园
赵寿臣,演出于,吉祥舞台
赵寿臣,演出于,同乐茶园
姜妙春,演出于,吉祥园
郭寿山,演出于,吉祥园
扎金金,演出于,吉祥园
钟喜人,演出于,吉祥园
诸小山,演出于,吉祥园
杨中和,演出于,吉祥园
杨中和,演出于,同乐茶园
王厚甫,演出于,吉祥大戏院
朱少峰,演出于,吉祥大戏院
潘致忱,演出于,吉祥大戏院
吴菊痴,演出于,吉祥大戏院
吴菊痴,演出于,庆乐戏院
吴菊痴,演出于,哈尔飞戏院
唐文诗,演出于,吉祥大戏院
李雯溪,演出于,吉祥大戏院
李雯溪,演出于,哈尔飞戏院
徐春羽,演出于,吉祥大戏院
徐春羽,演出于,哈尔飞戏院
李墨香,演出于,吉祥大戏院
李墨香,演出于,哈尔飞戏院
宋俊卿,演出于,吉祥大戏院
叶卓如,演出于,吉祥大戏院
叶卓如,演出于,哈尔飞戏院
叶荣庭,演出于,吉祥大戏院
叶荣庭,演出于,哈尔飞戏院
陈裔荪,演出于,吉祥大戏院
张慎之,演出于,吉祥大戏院
赵芝湘,演出于,吉祥大戏院
赵芝湘,演出于,吉祥茶园
赵静尘,演出于,吉祥大戏院
郭庆永,演出于,吉祥大戏院
郭庆永,演出于,哈尔飞戏院
郭庆永,演出于,第一舞台
郭庆永,演出于,新新大戏院
金素琴,演出于,吉祥大戏院
张菊舫,演出于,吉祥大戏院
张菊舫,演出于,庆乐戏院
存本泉,演出于,吉祥大戏院
许德羲,演出于,吉祥大戏院
崔明如,演出于,吉祥大戏院
王文源,演出于,吉祥大戏院
王文源,演出于,第一舞台
滑少山,演出于,吉祥大戏院
滑少山,演出于,哈尔飞戏院
荀慧生,演出于,吉祥大戏院
荀慧生,演出于,哈尔飞戏院
荀慧生,演出于,新新戏院
陈喜星,演出于,吉祥大戏院
陈喜星,演出于,哈尔飞戏院
陈喜星,演出于,新新戏院
裘盛戎,演出于,吉祥大戏院
裘盛戎,演出于,哈尔飞戏院
新艳秋,演出于,吉祥大戏院
新艳秋,演出于,庆乐戏院
新艳秋,演出于,哈尔飞戏院
迟金声,演出于,吉祥大戏院
刘春利,演出于,吉祥大戏院
刘春利,演出于,第一舞台
刘春利,演出于,新新大戏院
金钟仁,演出于,吉祥大戏院
管绍华,演出于,吉祥大戏院
管绍华,演出于,庆乐戏院
檟寿春,演出于,吉祥大戏院
李榮元,演出于,吉祥大戏院
唐榮昌,演出于,吉祥大戏院
徐慶春,演出于,吉祥大戏院
何秋雅,演出于,吉祥大戏院
孙胜武,演出于,吉祥大戏院
孙胜武,演出于,庆乐戏院
孙胜武,演出于,哈尔飞戏院
何昆林,演出于,吉祥大戏院
何昆林,演出于,哈尔飞戏院
马履云,演出于,吉祥大戏院
闫庆林,演出于,吉祥大戏院
王泊生,演出于,吉祥戏院
卧云居士,演出于,吉祥戏院
卧云居士,演出于,消闲友会
张荣庭,演出于,吉祥戏院
赵之湘,演出于,吉祥戏院
刘书田,演出于,吉祥园
王长青,演出于,吉祥园
田振奎,演出于,吉祥园
厐和山,演出于,吉祥园
穆永同,演出于,吉祥园
安采亭,演出于,吉祥茶园
荣少山,演出于,吉祥茶园
张采林,演出于,吉祥茶园
庚芝芳,演出于,吉祥茶园
朱湘全,演出于,吉祥茶园
黄润卿,演出于,吉祥茶园
黄润卿,演出于,第一舞台
郭仲衡,演出于,吉祥茶园
郭仲衡,演出于,同乐茶园
钱金福,演出于,吉祥茶园
钱金福,演出于,庆升茶园
钱金福,演出于,第一舞台
钱金福,演出于,消闲友会
刘砚芳,演出于,吉祥茶园
刘砚芳,演出于,同乐园松庆社
刘砚芳,演出于,哈尔飞戏院
刘砚芳,演出于,第一舞台
鐘喜久,演出于,吉祥茶园
钱俊涛,演出于,吉祥园斌广社
筱桂芬,演出于,吉祥园斌广社
马笑云,演出于,吉祥园斌广社
六只旦,演出于,吉祥园斌广社
徐碧云,演出于,吉祥园斌广社
徐碧云,演出于,新明剧场
小小楼,演出于,吉祥园斌广社
王斌名,演出于,吉祥园斌广社
王斌名,演出于,吉祥园双庆社
袁凤奎,演出于,吉祥茶园
安玉峰,演出于,吉祥茶园
金月芬,演出于,吉祥茶园
于子林,演出于,吉祥茶园
陈俊涛,演出于,吉祥茶园
陈俊涛,演出于,第一舞台
李全奎,演出于,吉祥茶园
苏彩霞,演出于,吉祥茶园
苏彩霞,演出于,福寿堂
苏彩霞,演出于,燕喜堂
金桂铃,演出于,吉祥茶园
金桂铃,演出于,燕喜堂
李翠花,演出于,吉祥茶园
王琴侬,演出于,吉祥园双庆社
冯合林,演出于,吉祥园双庆社
徐斌喜,演出于,吉祥园双庆社
俞斌玉,演出于,吉祥园双庆社
沈斌如,演出于,吉祥园双庆社
赵斌兰,演出于,吉祥园双庆社
李得明,演出于,吉祥园双庆社
马斌龙,演出于,吉祥园双庆社
殷斌奎,演出于,吉祥园双庆社
刘风林,演出于,吉祥园双庆社
刘风林,演出于,同乐园松庆社
田喜春,演出于,吉祥园双庆社
洪如,演出于,吉祥园双庆社
吴彩玉,演出于,吉祥园双庆社
徐喜明,演出于,吉祥园双庆社
范瑞全,演出于,吉祥园双庆社
裘桂先,演出于,吉祥园双庆社
范月亭,演出于,吉祥园双庆社
张寅奎,演出于,吉祥大戏院
魏吟谱,演出于,吉祥大戏院
张富华,演出于,吉祥大戏院
张雪雯,演出于,吉祥大戏院
郝文尉,演出于,吉祥大戏院
盖兰舟,演出于,吉祥舞台
胡卢红,演出于,吉祥舞台
李艳云,演出于,吉祥舞台
筱菊仙,演出于,吉祥舞台
裴德明,演出于,吉祥舞台
谢云卿,演出于,吉祥舞台
谢云卿,演出于,燕舞台
张文治,演出于,吉祥舞台
张文治,演出于,哈尔飞戏院
张文治,演出于,燕舞台
张连松,演出于,吉祥舞台
王玉禄,演出于,吉祥舞台
杨忠和,演出于,吉祥舞台
小凤凰,演出于,吉祥舞台
小凤凰,演出于,魁华舞台
王佩卿,演出于,吉祥舞台
王佩卿,演出于,燕舞台
盖月珊,演出于,吉祥舞台
张玉奎,演出于,吉祥舞台
张玉奎,演出于,歌舞台
张玉海,演出于,吉祥舞台
童子红,演出于,吉祥舞台
童子红,演出于,燕舞台
刘意增,演出于,吉祥舞台
谭永福,演出于,吉祥舞台
唐玉美,演出于,吉祥舞台
程永龙,演出于,吉祥舞台
程永龙,演出于,燕舞台
梁孟楼,演出于,吉祥舞台
梁孟楼,演出于,燕舞台
袁德光,演出于,吉祥舞台
袁德光,演出于,歌舞台
陈长太,演出于,吉祥舞台
陈长太,演出于,歌舞台
姜士续,演出于,吉祥舞台
曹名九,演出于,吉祥舞台
曹名九,演出于,歌舞台
董笑如,演出于,吉祥舞台
张玉如,演出于,吉祥舞台
袁魁明,演出于,吉祥舞台
王永利,演出于,吉祥舞台
杨润泉,演出于,吉祥舞台
赵起荣,演出于,吉祥舞台
刘莲相,演出于,吉祥舞台
赵起祥,演出于,吉祥舞台
赵起祥,演出于,歌舞台
李顺荣,演出于,吉祥舞台
王庆寿,演出于,吉祥舞台
王庆寿,演出于,歌舞台
王庆寿,演出于,燕舞台
刘义增,演出于,吉祥舞台
李庆福,演出于,吉祥舞台
李庆福,演出于,歌舞台
晚玉香,演出于,吉祥舞台
邵连荣,演出于,吉祥舞台
姚德宝,演出于,吉祥舞台
高德玉,演出于,吉祥舞台
高德玉,演出于,歌舞台
马小山,演出于,吉祥舞台
刘凤山,演出于,吉祥舞台
蔡连卿,演出于,吉祥舞台
白荣普,演出于,吉祥舞台
王宝才,演出于,吉祥舞台
十里香,演出于,吉祥舞台
胡满堂,演出于,吉祥舞台
胡满堂,演出于,国立清华大学学生会工会
晚香玉,演出于,吉祥舞台
于洪珍,演出于,吉祥舞台
于洪珍,演出于,歌舞台
于洪珍,演出于,燕舞台
魏小峰,演出于,吉祥舞台
刘月楼,演出于,吉祥舞台
田顺奎,演出于,吉祥舞台
田顺奎,演出于,春仙茶园
田顺奎,演出于,燕舞台
尹顺广,演出于,吉祥舞台
尹顺广,演出于,歌舞台
白容普,演出于,吉祥舞台
白容甫,演出于,吉祥舞台
蔡莲卿,演出于,吉祥舞台
千盏灯,演出于,吉祥舞台
郭云朋,演出于,吉祥舞台
赵玉奎,演出于,吉祥舞台
小德珍,演出于,吉祥舞台
刘成友,演出于,吉祥舞台
陈来喜,演出于,吉祥舞台
陈春喜,演出于,吉祥舞台
景元珍,演出于,吉祥舞台
葫芦红,演出于,吉祥舞台
刘莲湘,演出于,吉祥舞台
裴月山,演出于,吉祥舞台
王铁柱,演出于,吉祥舞台
赵玉魁,演出于,吉祥舞台
保富和,演出于,吉祥舞台
英富汉,演出于,吉祥舞台
英富汉,演出于,歌舞台
石三立,演出于,吉祥舞台
李文成,演出于,吉祥舞台
李桂和,演出于,吉祥舞台
张玉霞,演出于,吉祥舞台
陈桂亭,演出于,吉祥舞台
黄凤山,演出于,吉祥舞台
黄凤山,演出于,歌舞台
小凌仙,演出于,吉祥舞台
司兰堂,演出于,吉祥舞台
朱大头,演出于,吉祥舞台
盖兰洲,演出于,吉祥舞台
盖兰洲,演出于,歌舞台
庞少云,演出于,吉祥舞台
张福禄,演出于,吉祥舞台
宋益俊,演出于,吉祥舞台
宋益俊,演出于,歌舞台
王益春,演出于,吉祥舞台
王益春,演出于,歌舞台
王益春,演出于,国立清华大学学生会工会
杨益平,演出于,吉祥舞台
董兰亭,演出于,吉祥舞台
宋益增,演出于,吉祥舞台
宋益增,演出于,歌舞台
王福庭,演出于,吉祥舞台
王福庭,演出于,消闲友会
孟蕊仙,演出于,吉祥舞台
裴益才,演出于,吉祥舞台
裴益才,演出于,歌舞台
王斌卿,演出于,吉祥舞台
王斌卿,演出于,歌舞台
李兰芬,演出于,吉祥舞台
李兰芬,演出于,第一舞台
李兰芬,演出于,魁华舞台
齐文艳,演出于,吉祥舞台
景玉奎,演出于,吉祥舞台
景玉奎,演出于,春仙茶园
景玉奎,演出于,景泰茶园
庞德云,演出于,吉祥舞台
庞德云,演出于,歌舞台
李玉书,演出于,吉祥舞台
赵玉明,演出于,吉祥舞台
李得海,演出于,吉祥舞台
关堃甫,演出于,吉祥舞台
周益富,演出于,吉祥舞台
范文英,演出于,吉祥舞台
范文英,演出于,歌舞台
白玉福,演出于,吉祥舞台
孙振升,演出于,同乐园松庆社
曹二更,演出于,同乐园松庆社
刘风山,演出于,同乐园松庆社
雷福喜,演出于,同乐园松庆社
程风楼,演出于,同乐园松庆社
侯兰春,演出于,同乐园松庆社
吴连升,演出于,同乐园松庆社
孟小茹,演出于,同乐园松庆社
郭庆兰,演出于,同乐园松庆社
侯德山,演出于,同乐园松庆社
侯德山,演出于,庆升茶园
荣春亮,演出于,同乐茶园
钟锡九,演出于,同乐茶园
丁永立,演出于,同乐茶园
丁永立,演出于,庆乐茶园
丁永立,演出于,消闲友会
王寿亭,演出于,同乐茶园
王利卿,演出于,同乐茶园
杨韻芳,演出于,同乐茶园
李玉亭,演出于,同乐茶园
李玉亭,演出于,庆乐茶园
王春山,演出于,同乐茶园
张奎荣,演出于,同乐茶园
王君荃,演出于,同乐茶园
王君又,演出于,同乐茶园
扬长喜,演出于,同乐茶园
朱小名,演出于,同乐茶园
张连红,演出于,同乐茶园
张印山,演出于,同乐茶园
侯炳玉,演出于,同乐茶园
魏庆林,演出于,同乐茶园
韩子峯,演出于,同乐茶园
杨德山,演出于,同乐茶园
梁玉合,演出于,同乐茶园
高五状,演出于,同乐茶园
张永茂,演出于,同乐茶园
郭凤祥,演出于,同乐茶园
郭凤祥,演出于,同乐园
胡庆合,演出于,同乐茶园
刘禹臣,演出于,同乐茶园
刘禹臣,演出于,西安园
刘禹臣,演出于,春仙茶园
刘禹臣,演出于,景泰茶园
侯柄玉,演出于,同乐茶园
乐玉和,演出于,同乐茶园
齐凤鸣,演出于,同乐茶园
张子茂,演出于,同乐茶园
张书岩,演出于,同乐园
张凤云,演出于,同乐园
王海廷,演出于,同乐园
大宝,演出于,同乐园
潘吉升,演出于,同乐园
王洪祥,演出于,同乐园
刘金顺,演出于,同乐园
侯凤柱,演出于,同乐园
小全英,演出于,同乐园
小义廷,演出于,同乐园
刘振海,演出于,同乐园
才桂芬,演出于,同乐园
白玉霜,演出于,同乐园
刘玉文,演出于,同乐园
小钢钻,演出于,同乐园
张美艳,演出于,同乐园
许兰廷,演出于,同乐园
徐汉卿,演出于,同乐园
徐灵芝,演出于,同乐园
李子明,演出于,同乐园
刘玺廷,演出于,同乐园
刘占一,演出于,同乐园
王玉廷,演出于,同乐园
磨盤红,演出于,同益茶园
金香萃,演出于,同益茶园
百牡丹,演出于,同益茶园
金钟翠,演出于,同益茶园
小违子,演出于,同益茶园
郝起龙,演出于,同益茶园
日月红,演出于,同益茶园
小文奎,演出于,同益茶园
王春来,演出于,同益茶园
小玉顺,演出于,同益茶园
乔月松,演出于,同益茶园
隆振海,演出于,同益茶园
隆振海,演出于,春仙茶园
小宝义,演出于,同益茶园
小宝义,演出于,春仙茶园
高玉秋,演出于,同益茶园
高玉秋,演出于,春仙茶园
陶玉正,演出于,同益茶园
陶玉正,演出于,景泰茶园
小玉润,演出于,同益茶园
贯大元,演出于,同益茶园
贯大元,演出于,消闲友会
奎少方,演出于,同益茶园
董宝云,演出于,同益茶园
韩玉本,演出于,同益茶园
松玉堂,演出于,同益茶园
松玉堂,演出于,景泰茶园
玉彩祥,演出于,同益茶园
王小福,演出于,同益茶园
张宝方,演出于,同益茶园
张宝方,演出于,景泰茶园
小玉连,演出于,同益茶园
小玉连,演出于,春仙茶园
刘小卿,演出于,同益茶园
十三里,演出于,同益茶园
杨玉彩,演出于,同益茶园
喜平,演出于,庆升茶园
徐竹元,演出于,庆升茶园
小永奎,演出于,庆升茶园
小娃娃,演出于,庆升茶园
小金鱼,演出于,庆升茶园
连喜喜,演出于,庆升茶园
连喜寿,演出于,庆升茶园
连喜玉,演出于,庆升茶园
连升,演出于,庆升茶园
连平,演出于,庆升茶园
小十三旦,演出于,庆升茶园
赵喜奎,演出于,庆升茶园
吴连奎,演出于,庆升茶园
小春林,演出于,庆升茶园
小春林,演出于,春仙茶园
刘春喜,演出于,庆升茶园
刘佩云,演出于,庆升茶园
刘佩云,演出于,庆乐园
刘佩云,演出于,庆乐茶园
刘佩云,演出于,春仙茶园
方德恒,演出于,庆升茶园
小富贵,演出于,庆升茶园
方春仙,演出于,庆升茶园
孙振庭,演出于,庆升茶园
韩乐卿,演出于,庆升茶园
张淇林,演出于,庆升茶园
朱文英,演出于,庆升茶园
谭鑫培,演出于,庆升茶园
程卿芬,演出于,庆升茶园
刘金斗,演出于,庆升园
吴永奎,演出于,庆升园
马金禄,演出于,庆升园
吴彩露,演出于,庆升园
张玉同,演出于,庆升园
瑞名山,演出于,庆升园
王金立,演出于,庆升园
紫金红,演出于,庆升园
紫金红,演出于,景泰茶园
奎月廷,演出于,庆升园
于德方,演出于,庆升园
周治臣,演出于,庆升园
赵明玉,演出于,庆升园
金娃娃,演出于,庆升茶园
金娃娃,演出于,春仙茶园
金娃娃,演出于,燕舞台
金月英,演出于,庆升茶园
金月英,演出于,燕喜堂
白灵芝,演出于,庆升茶园
白灵芝,演出于,春仙茶园
白灵芝,演出于,景泰茶园
李桂兰,演出于,庆升茶园
小春翠,演出于,庆升茶园
小春月,演出于,庆升茶园
董桂连,演出于,庆升茶园
董玉连,演出于,庆升茶园
卢华云,演出于,庆升茶园
筱润仙,演出于,庆升茶园
筱润仙,演出于,德泉戏园
筱润仙,演出于,燕喜堂
梁雨楼,演出于,庆升茶园
梁雨楼,演出于,春仙茶园
李大正,演出于,庆乐园
李大正,演出于,庆乐茶园
网三黑,演出于,庆乐园
霍永春,演出于,庆乐茶园
杨连仲,演出于,庆乐茶园
李敬云,演出于,庆乐茶园
茂春,演出于,庆乐茶园
韦久峰,演出于,庆乐茶园
韦久峰,演出于,景泰茶园
周瑞其,演出于,庆乐茶园
时少山,演出于,庆乐茶园
郭韻声,演出于,庆乐园
杨银仙,演出于,庆乐园
杨银仙,演出于,燕舞台
于金宝,演出于,庆乐园
于金宝,演出于,魁华舞台
于金宝,演出于,堂会义务戏戏单
冯玉卿,演出于,庆乐园
冯玉卿,演出于,哈尔飞戏院
金砚芬,演出于,庆乐园
金砚芬,演出于,燕舞台
玉蓉卿,演出于,庆乐园
孙荣彩,演出于,庆乐园
孙荣彩,演出于,燕舞台
孙小丑,演出于,庆乐园
孙小丑,演出于,燕舞台
小宝玉,演出于,庆乐园
小宝玉,演出于,第一舞台
小永利,演出于,庆乐园
小永利,演出于,庆乐戏园
小永利,演出于,庆乐戏院奎德社
小永利,演出于,第一舞台
王桂卿,演出于,庆乐园
王桂卿,演出于,第一舞台
王桂卿,演出于,魁华舞台
孙蓉霞,演出于,庆乐园
金瑞兰,演出于,庆乐园
金瑞兰,演出于,第一舞台
小永立,演出于,庆乐园
小永立,演出于,消闲友会
方振涛,演出于,庆乐园
张红奎,演出于,庆乐园
冯瑞凤,演出于,庆乐园
李舜琴,演出于,庆乐园
张翠仙,演出于,庆乐园
花艳秋,演出于,庆乐园
小洪奎,演出于,庆乐园
小洪奎,演出于,堂会义务戏戏单
白月楼,演出于,庆乐园
白月楼,演出于,燕舞台
陆荣福,演出于,庆乐园
花小楼,演出于,庆乐园
花小楼,演出于,庆乐戏园
花小楼,演出于,庆乐戏院
花小楼,演出于,庆乐戏院奎德社
二银子,演出于,庆乐园
郭荣林,演出于,庆乐园
王小亭,演出于,庆乐园
佟凤亭,演出于,庆乐园
常凤祥,演出于,庆乐园
李秀卿,演出于,庆乐园
李秀卿,演出于,燕舞台
宪小楼,演出于,庆乐园
张少仙,演出于,庆乐园
秦凤云,演出于,庆乐园
高媚兰,演出于,庆乐园
高媚兰,演出于,堂会义务戏戏单
小宝芬,演出于,庆乐园
郝百岁,演出于,庆乐园
小群子,演出于,庆乐园
金玉奎,演出于,庆乐园
金玉奎,演出于,庆乐戏园
金玉奎,演出于,庆乐戏院
金玉奎,演出于,庆乐戏院奎德社
金玉奎,演出于,消闲友会
金玉奎,演出于,堂会义务戏戏单
宪桂英,演出于,庆乐园
高玉仙,演出于,庆乐园
高玉仙,演出于,庆乐戏园
高玉仙,演出于,庆乐戏院
高玉仙,演出于,庆乐戏院奎德社
高瑞芬,演出于,庆乐园
李秀芬,演出于,庆乐园
李秀芬,演出于,庆乐戏园
李秀芬,演出于,庆乐戏院
李秀芬,演出于,堂会义务戏戏单
尹春如,演出于,庆乐园
尹春如,演出于,庆乐戏园
尹春如,演出于,庆乐戏院
尹春如,演出于,庆乐戏院奎德社
马桂卿,演出于,庆乐园
马桂卿,演出于,庆乐戏园
马桂卿,演出于,庆乐戏院
马桂卿,演出于,庆乐戏院奎德社
金秀兰,演出于,庆乐园
小玉宝,演出于,庆乐园
金桂兰,演出于,庆乐园
金桂兰,演出于,燕舞台
李桂云,演出于,庆乐戏园
李桂云,演出于,消闲友会
寗小楼,演出于,庆乐戏园
寗小楼,演出于,庆乐戏院
寗小楼,演出于,庆乐戏院奎德社
姜蕴秋,演出于,庆乐戏园
刘艳竹,演出于,庆乐戏园
陈桂林,演出于,庆乐戏园
陈桂林,演出于,庆乐戏院奎德社
徐艳云,演出于,庆乐戏园
李佩卿,演出于,庆乐戏园
李佩卿,演出于,庆乐戏院
李佩卿,演出于,庆乐戏院奎德社
李佩卿,演出于,景泰茶园
夏少儒,演出于,庆乐戏园
黄桂鸣,演出于,庆乐戏园
胡桂林,演出于,庆乐戏园
李凤卿,演出于,庆乐戏园
李凤卿,演出于,庆乐戏院
李凤卿,演出于,庆乐戏院奎德社
云中雁,演出于,庆乐戏园
云中雁,演出于,庆乐戏院
云中雁,演出于,庆乐戏院奎德社
陈云霞,演出于,庆乐戏园
陈云霞,演出于,庆乐戏院
陈云霞,演出于,庆乐戏院奎德社
王学林,演出于,庆乐戏园
王月楼,演出于,庆乐戏园
张荣禄,演出于,庆乐戏园
张荣禄,演出于,第一舞台
张荣禄,演出于,燕舞台
王俊亭,演出于,庆乐戏园
梁惠芬,演出于,庆乐戏园
梁惠芬,演出于,庆乐戏院奎德社
王俊福,演出于,庆乐戏园
小福来,演出于,庆乐戏园
小福来,演出于,消闲友会
寗素云,演出于,庆乐戏园
寗素云,演出于,庆乐戏院
寗素云,演出于,庆乐戏院奎德社
筱宝芬,演出于,庆乐戏园
王荣林,演出于,庆乐戏园
徐秀兰,演出于,庆乐戏园
徐秀兰,演出于,庆乐戏院
刘桂卿,演出于,庆乐戏园
尹春玉,演出于,庆乐戏园
尹春玉,演出于,庆乐戏院
尹春玉,演出于,庆乐戏院奎德社
田鸿儒,演出于,庆乐戏院
赵继亮,演出于,庆乐戏院
赵继亮,演出于,哈尔飞戏院
苏盛世,演出于,庆乐戏院
苏盛世,演出于,第一舞台
緣牡丹,演出于,庆乐戏院
李永寿,演出于,庆乐戏院
杨敬义,演出于,庆乐戏院
杨敬义,演出于,庆乐戏院奎德社
李和春,演出于,庆乐戏院
李和春,演出于,庆乐戏院奎德社
李菊茹,演出于,庆乐戏院
李菊茹,演出于,庆乐戏院奎德社
王凤奎,演出于,庆乐戏院
王凤奎,演出于,庆乐戏院奎德社
王凤奎,演出于,春仙茶园
王凤奎,演出于,魁华舞台
鲜蕊芳,演出于,庆乐戏院
鲜蕊芳,演出于,庆乐戏院奎德社
陈艳涛,演出于,庆乐戏院
陈艳涛,演出于,庆乐戏院奎德社
鑫小桥,演出于,庆乐戏院
鑫小桥,演出于,庆乐戏院奎德社
张宝分,演出于,庆乐戏院
关凤仙,演出于,庆乐戏院
关凤仙,演出于,庆乐戏院奎德社
云在雁,演出于,庆乐戏院奎德社
张宝芬,演出于,庆乐戏院奎德社
鲜蕊芝,演出于,庆乐戏院奎德社
金二奎,演出于,庆乐戏院奎德社
徐素霞,演出于,庆乐戏院奎德社
罗盛功,演出于,庆乐戏院
新立琴,演出于,庆乐戏院
曹汝明,演出于,庆乐戏院
李庆昌,演出于,庆乐戏院
吴伯康,演出于,庆乐戏院
张仲苏,演出于,庆乐戏院
白洁如,演出于,庆乐戏院
何为,演出于,庆乐戏院
爱琴君,演出于,庆乐戏院
白雪桥,演出于,庆乐戏院
章封之,演出于,庆乐戏院
隆丐侠,演出于,庆乐戏院
田文彬,演出于,庆乐戏院
章毓桓,演出于,庆乐戏院
洪少如,演出于,庆乐戏院
朱守文,演出于,庆乐戏院
乐致明,演出于,庆乐戏院
王霭明,演出于,庆乐戏院
邓祥麟,演出于,庆乐戏院
吴效良,演出于,庆乐戏院
唐友诗,演出于,庆乐戏院
唐友诗,演出于,哈尔飞戏院
李啸峰,演出于,庆乐戏院
林燕谋,演出于,庆乐戏院
王铁侠,演出于,庆乐戏院
冀松泉,演出于,庆乐戏院
钮玉庚,演出于,庆乐戏院
高四亮,演出于,庆乐戏院
章丽华,演出于,庆乐戏院
夏少茹,演出于,庆乐戏院
赵桂琴,演出于,庆乐戏院
关拙厂,演出于,庆乐戏院
王醒,演出于,庆乐戏院
王之,演出于,庆乐戏院
金端甫,演出于,庆乐戏院
恋志明,演出于,庆乐戏院
田文斌,演出于,庆乐戏院
朱宋文,演出于,庆乐戏院
王艳池,演出于,庆乐戏院
张萝周,演出于,庆乐戏院
仲儒林,演出于,庆乐戏院
韩泙珍,演出于,庆乐戏院
桃邑华,演出于,庆乐戏院
李慧云,演出于,庆乐戏院
计全禄,演出于,庆乐戏院
刘静荣,演出于,庆乐戏院
蕴愚生,演出于,庆乐戏院
唐少亭,演出于,庆乐戏院
孙秋芳,演出于,庆乐戏院
任影君,演出于,庆乐戏院
高彬然,演出于,庆乐戏院
王乃东,演出于,庆乐戏院
壮少仙,演出于,庆乐戏院
黄永志,演出于,庆乐戏院
杨宝霖,演出于,庆乐戏院
王鑫奎,演出于,庆乐戏院
小复红,演出于,西安园
小复翠,演出于,西安园
小复寿,演出于,西安园
小廣才,演出于,西安园
小复禄,演出于,西安园
侯范立,演出于,西安园
恩洪茂,演出于,西安园
小金麟,演出于,西安园
小金麟,演出于,燕喜茶园
小洪芳,演出于,西安园
小月奎,演出于,西安园
小月奎,演出于,春仙茶园
于洪棠,演出于,西安园
景洪全,演出于,西安园
小金山,演出于,西安园
小金娄,演出于,西安园
小金仙,演出于,西安园
小金仙,演出于,燕喜堂
奎弟老台,演出于,西安园
双飞雁,演出于,西安园
十岁红,演出于,西安园
徐庆堂,演出于,西安园
栗庆茂,演出于,西安园
栗庆茂,演出于,燕喜茶园
殴庆印,演出于,西安园
小洪才,演出于,西安园
小金林,演出于,西安园
小金林,演出于,春仙茶园
云中飞,演出于,西安园
小瑞芬,演出于,西安园
小瑞芬,演出于,春仙茶园
小瑞芬,演出于,燕舞台
孙庆芬,演出于,西安园
双桂红,演出于,西安园
九岁红,演出于,西安园
九岁红,演出于,春仙茶园
小月来,演出于,西安园
小月来,演出于,燕舞台
小月来,演出于,堂会义务戏戏单
小德胜,演出于,西安园
刘俊峯,演出于,哈尔飞戏院
赵瑶琴,演出于,哈尔飞戏院
孙毓堃,演出于,哈尔飞戏院
杨宝忠,演出于,哈尔飞戏院
伟佩芳,演出于,哈尔飞戏院
李富秋,演出于,哈尔飞戏院
傅国柱,演出于,哈尔飞戏院
金佾舞,演出于,哈尔飞戏院
金凤鑫,演出于,哈尔飞戏院
金剑舞,演出于,哈尔飞戏院
李伯泉,演出于,哈尔飞戏院
金凤舞,演出于,哈尔飞戏院
梁铁芳,演出于,哈尔飞戏院
吴俊衡,演出于,哈尔飞戏院
吴润衡,演出于,哈尔飞戏院
近云舘,演出于,哈尔飞戏院
近云主,演出于,哈尔飞戏院
陈钟鸣,演出于,哈尔飞戏院
张巽英,演出于,哈尔飞戏院
李慧贞,演出于,哈尔飞戏院
齐志美,演出于,哈尔飞戏院
张离英,演出于,哈尔飞戏院
叶荣亭,演出于,哈尔飞戏院
杜玉明,演出于,哈尔飞戏院
齐玉楼,演出于,哈尔飞戏院
翁麟声,演出于,哈尔飞戏院
麒麟童,演出于,哈尔飞戏院
李玉广,演出于,哈尔飞戏院
李玉广,演出于,第一舞台
录平存,演出于,哈尔飞戏院
李松声,演出于,哈尔飞戏院
陈裔孙,演出于,哈尔飞戏院
范钧宏,演出于,哈尔飞戏院
陈葵香,演出于,哈尔飞戏院
陈葵香,演出于,消闲友会
方振铎,演出于,哈尔飞戏院
尚和玉,演出于,哈尔飞戏院
高荣庭,演出于,哈尔飞戏院
曹玺彦,演出于,哈尔飞戏院
高博陵,演出于,哈尔飞戏院
李胜斌,演出于,哈尔飞戏院
刘庆义,演出于,哈尔飞戏院
李胜藻,演出于,哈尔飞戏院
刘胜莲,演出于,哈尔飞戏院
贯盛羽,演出于,哈尔飞戏院
高盛洪,演出于,哈尔飞戏院
顾兰荪,演出于,哈尔飞戏院
杨斌昌,演出于,哈尔飞戏院
盛少武,演出于,哈尔飞戏院
刘庆益,演出于,哈尔飞戏院
霍宝山,演出于,哈尔飞戏院
杨宝森,演出于,哈尔飞戏院
王玉蓉,演出于,哈尔飞戏院
张喜洪,演出于,哈尔飞戏院
张少昆,演出于,哈尔飞戏院
徐受祺,演出于,哈尔飞戏院
辛丽琴,演出于,哈尔飞戏院
留影宸,演出于,哈尔飞戏院
朱桂华,演出于,哈尔飞戏院
赵继光,演出于,哈尔飞戏院
钱少云,演出于,哈尔飞戏院
常富华,演出于,哈尔飞戏院
罗文义,演出于,哈尔飞戏院
萧英翔,演出于,哈尔飞戏院
宁柏林,演出于,哈尔飞戏院
孙庆发,演出于,哈尔飞戏院
章遏云,演出于,哈尔飞戏院
张德俊,演出于,哈尔飞戏院
琴雪芳,演出于,城南游艺场
夏天人,演出于,城南游艺场
全班著名演员四十余人,演出于,城南游艺场
薛青萍,演出于,城南游艺场
金玉如,演出于,城南游艺场
陈秋风,演出于,城南游艺场
李天然,演出于,城南游艺场
胡化魂,演出于,城南游艺场
王呆公,演出于,城南游艺场
田笑笑,演出于,城南游艺场
奼镜明,演出于,城南游艺场
金秋影,演出于,城南游艺场
孙玉梅,演出于,城南游艺场
王慧影,演出于,城南游艺场
赵警钟,演出于,城南游艺场
华剑侠,演出于,城南游艺场
刘一新,演出于,城南游艺场
张秋屏,演出于,城南游艺场
周雄黄,演出于,城南游艺场
章变宜,演出于,城南游艺场
钱剑秋,演出于,城南游艺场
李一粟,演出于,城南游艺场
金痴佛,演出于,城南游艺场
丁楚鹤,演出于,城南游艺场
孙蝶魂,演出于,城南游艺场
陈太瘦,演出于,城南游艺场
蒋镜澄,演出于,城南游艺场
李小松,演出于,城南游艺场
郭广起,演出于,城南游艺场
小胖奎子,演出于,春仙茶园
林云培,演出于,春仙茶园
小峰,演出于,春仙茶园
郑香,演出于,春仙茶园
朱佩芝,演出于,春仙茶园
竹贤,演出于,春仙茶园
小刘七,演出于,春仙茶园
小三道门,演出于,春仙茶园
小黑祥子,演出于,春仙茶园
双飞燕,演出于,春仙茶园
芝芳,演出于,春仙茶园
小连奎,演出于,春仙茶园
灵芝茞,演出于,春仙茶园
小凤元,演出于,春仙茶园
彩林,演出于,春仙茶园
彩林,演出于,消闲友会
宝声,演出于,春仙茶园
小瑞红,演出于,春仙茶园
小兰处,演出于,春仙茶园
小志胜,演出于,春仙茶园
朱茹云,演出于,春仙茶园
余连升,演出于,春仙茶园
六月鲜,演出于,春仙茶园
高俊峰,演出于,春仙茶园
金刚■,演出于,春仙茶园
福贞,演出于,春仙茶园
福化,演出于,春仙茶园
福奎,演出于,春仙茶园
树轩,演出于,春仙茶园
艾云凤,演出于,春仙茶园
张洪林,演出于,春仙茶园
满少奎,演出于,春仙茶园
蒋小峯,演出于,春仙茶园
张宝农,演出于,春仙茶园
小■處,演出于,春仙茶园
满子善,演出于,春仙茶园
马火山,演出于,春仙茶园
方奎官,演出于,春仙茶园
小玉竹,演出于,春仙茶园
小连芬,演出于,春仙茶园
小连芬,演出于,景泰茶园
贯元,演出于,春仙茶园
新到,演出于,春仙茶园
子珍,演出于,春仙茶园
小玉芙,演出于,春仙茶园
长顺,演出于,春仙茶园
小宝珑,演出于,春仙茶园
德逮堂,演出于,春仙茶园
德宝奎,演出于,春仙茶园
张胜圃,演出于,春仙茶园
罗少奎,演出于,春仙茶园
邢雨宁,演出于,春仙茶园
思泽恒,演出于,春仙茶园
德奎,演出于,春仙茶园
宝奎,演出于,春仙茶园
张子元,演出于,春仙茶园
赵大斋,演出于,春仙茶园
薛子貞,演出于,春仙茶园
小山,演出于,春仙茶园
王小安,演出于,春仙茶园
请客串,演出于,春仙茶园
小庆广,演出于,春仙茶园
三宝,演出于,春仙茶园
恩泽恒,演出于,春仙茶园
张宝崖,演出于,春仙茶园
周华亭,演出于,春仙茶园
韦名峰,演出于,春仙茶园
■胜圃,演出于,春仙茶园
光华,演出于,春仙茶园
砳磊,演出于,春仙茶园
金绳,演出于,春仙茶园
宝筏,演出于,春仙茶园
觉岸,演出于,春仙茶园
奎少芳,演出于,春仙茶园
小奎芬,演出于,春仙茶园
芳宝奎,演出于,春仙茶园
迟■华,演出于,春仙茶园
邢雨亭,演出于,春仙茶园
小如,演出于,春仙茶园
■堃甫,演出于,春仙茶园
张菊玉,演出于,春仙茶园
芳德奎,演出于,春仙茶园
德福,演出于,春仙茶园
张云甫,演出于,春仙茶园
杨玉方,演出于,春仙茶园
全班,演出于,春仙茶园
玉竹,演出于,春仙茶园
田甫农,演出于,春仙茶园
河春升,演出于,春仙茶园
喜云,演出于,春仙茶园
喜云,演出于,消闲友会
喜才,演出于,春仙茶园
喜瑞,演出于,春仙茶园
喜庆,演出于,春仙茶园
长■,演出于,春仙茶园
小凤奎,演出于,春仙茶园
富润亭,演出于,春仙茶园
李庆奎,演出于,春仙茶园
黄庆华,演出于,春仙茶园
刁庆豹,演出于,春仙茶园
宋庆和,演出于,春仙茶园
郑庆益,演出于,春仙茶园
邓庆昆,演出于,春仙茶园
庆瑞虎,演出于,春仙茶园
刘庆祥,演出于,春仙茶园
梁庆洪,演出于,春仙茶园
小连红,演出于,春仙茶园
小连升,演出于,春仙茶园
小连升,演出于,景泰茶园
李庆森,演出于,春仙茶园
庆蓬,演出于,春仙茶园
庆永,演出于,春仙茶园
庆森,演出于,春仙茶园
庆洪,演出于,春仙茶园
庆兽,演出于,春仙茶园
庆来,演出于,春仙茶园
史洪芳,演出于,春仙茶园
黑灯,演出于,春仙茶园
小月恒,演出于,春仙茶园
小月恒,演出于,燕舞台
小月恒,演出于,堂会义务戏戏单
董胜奎,演出于,春仙茶园
尚子善,演出于,春仙茶园
马献亭,演出于,春仙茶园
刘九峰,演出于,春仙茶园
余洪升,演出于,春仙茶园
郭兰亭,演出于,春仙茶园
苏焕亭,演出于,春仙茶园
孟薄斋,演出于,春仙茶园
烦演,演出于,春仙茶园
高小连奎,演出于,春仙茶园
小翠英,演出于,春仙茶园
筱■芳,演出于,春仙茶园
贾翠英,演出于,春仙茶园
茹锡久,演出于,春仙茶园
方宝全,演出于,春仙茶园
紫霞童,演出于,春仙茶园
七龄童,演出于,春仙茶园
郭水禄,演出于,春仙茶园
张永元,演出于,春仙茶园
朱俊卿,演出于,春仙茶园
立彦芝,演出于,春仙茶园
白茂增,演出于,春仙茶园
钱玉德,演出于,春仙茶园
小王桂官,演出于,春仙茶园
小王桂花,演出于,春仙茶园
孟蒲斋,演出于,春仙茶园
孟蒲斋,演出于,消闲友会
■真,演出于,春仙茶园
亚方,演出于,春仙茶园
钱春波,演出于,春仙茶园
章春浓,演出于,春仙茶园
郭厚斋,演出于,春仙茶园
郭厚斋,演出于,景泰茶园
夏云峰,演出于,春仙茶园
一声雷,演出于,春仙茶园
十四黑,演出于,春仙茶园
陈奎元,演出于,春仙茶园
小宝成,演出于,春仙茶园
杜荣卿,演出于,春仙茶园
小月鳞,演出于,春仙茶园
金昭红,演出于,春仙茶园
小兰花,演出于,春仙茶园
金玉红,演出于,春仙茶园
金玉红,演出于,德泉戏园
金玉红,演出于,燕喜茶园
金玉红,演出于,燕喜堂
金玉英,演出于,春仙茶园
小连寿,演出于,春仙茶园
小龙雾,演出于,春仙茶园
陆秀云,演出于,春仙茶园
白云芝,演出于,春仙茶园
李荣深,演出于,春仙茶园
杨荣堂,演出于,春仙茶园
宋荣喜,演出于,春仙茶园
朱荣寿,演出于,春仙茶园
陆容福,演出于,春仙茶园
韩容霞,演出于,春仙茶园
于奎官,演出于,春仙茶园
李荣仲,演出于,春仙茶园
美香水,演出于,春仙茶园
杨金凤,演出于,春仙茶园
于容珍,演出于,春仙茶园
朱荣秀,演出于,春仙茶园
吉祥喜,演出于,春仙茶园
白连花,演出于,春仙茶园
粉连花,演出于,春仙茶园
小云霞,演出于,春仙茶园
小云霞,演出于,燕舞台
七盏灯,演出于,春仙茶园
董翠钤,演出于,春仙茶园
苗凤茹,演出于,春仙茶园
小砚芬,演出于,春仙茶园
迟月梅,演出于,春仙茶园
张荣卿,演出于,春仙茶园
马俊峰,演出于,春仙茶园
李贵兰,演出于,春仙茶园
王玉如,演出于,春仙茶园
王金奎,演出于,春仙茶园
九云凤,演出于,春仙茶园
九云凤,演出于,燕喜堂
巨茂臣,演出于,春仙茶园
解茂奎,演出于,春仙茶园
小宴奎,演出于,春仙茶园
小洪寿,演出于,春仙茶园
翠红英,演出于,春仙茶园
黄宝珍,演出于,春仙茶园
黄宝珍,演出于,燕喜堂
白秋笔,演出于,春仙茶园
陈葵仙,演出于,春仙茶园
杨㛲如,演出于,春仙茶园
小春奎,演出于,春仙茶园
富连友,演出于,春仙茶园
富竹友,演出于,春仙茶园
富菊友,演出于,春仙茶园
赵小山,演出于,春仙茶园
双兰英,演出于,春仙茶园
青客串,演出于,春仙茶园
小玉芳,演出于,春仙茶园
小清海,演出于,春仙茶园
安长泰,演出于,春仙茶园
小凤云,演出于,春仙茶园
福连英,演出于,春仙茶园
陈金山,演出于,春仙茶园
陈金山,演出于,歌舞台
张长喜,演出于,春仙茶园
程小亭,演出于,春仙茶园
白铁山,演出于,春仙茶园
吴鹤琴,演出于,春仙茶园
徐振华,演出于,春仙茶园
张永升,演出于,春仙茶园
小风奎,演出于,春仙茶园
庆河,演出于,春仙茶园
徐庆虎,演出于,春仙茶园
李庆芳,演出于,春仙茶园
小连洪,演出于,春仙茶园
任庆永,演出于,春仙茶园
任庆蓬,演出于,春仙茶园
庆和,演出于,春仙茶园
小天红,演出于,春仙茶园
王秀卿,演出于,春仙茶园
石兰防,演出于,春仙茶园
周砚亭,演出于,春仙茶园
张妙香,演出于,春仙茶园
陈喜云,演出于,春仙茶园
小金兰,演出于,春仙茶园
小金兰,演出于,燕喜堂
赵金贵,演出于,春仙茶园
金小翠,演出于,春仙茶园
王金喜,演出于,春仙茶园
王树琴,演出于,春仙茶园
杜桂升,演出于,春仙茶园
■玉喜,演出于,春仙茶园
丁菊仙,演出于,春仙茶园
崑茂亭,演出于,春仙茶园
贾润仙,演出于,春仙茶园
正翠红,演出于,春仙茶园
小慧芬,演出于,第一舞台
李伯涛,演出于,第一舞台
张喜龄,演出于,第一舞台
马玉红,演出于,第一舞台
于桂卿,演出于,第一舞台
赵紫云,演出于,第一舞台
赵紫云,演出于,德泉戏园
赵紫云,演出于,燕喜茶园
赵紫云,演出于,燕喜堂
小宝龙,演出于,第一舞台
谢蓉元,演出于,第一舞台
一斗丑,演出于,第一舞台
小兰芝,演出于,第一舞台
小兰芝,演出于,福寿堂
郝俊卿,演出于,第一舞台
刘少屏,演出于,第一舞台
余小山,演出于,第一舞台
张荣元,演出于,第一舞台
小小香水,演出于,第一舞台
金钢钻,演出于,第一舞台
邹剑佩,演出于,第一舞台
秦月楼,演出于,第一舞台
吴玉龄,演出于,第一舞台
王丽卿,演出于,第一舞台
李春羲,演出于,第一舞台
张连亭,演出于,第一舞台
方宝泉,演出于,第一舞台
杜俊山,演出于,第一舞台
张永禄,演出于,第一舞台
毛庆来,演出于,第一舞台
张福华,演出于,第一舞台
金鹤年,演出于,第一舞台
金鹤年,演出于,新新大戏院
于连仙,演出于,第一舞台
崔凤仙,演出于,第一舞台
郭润卿,演出于,第一舞台
姚玉铃,演出于,第一舞台
吕风仙,演出于,第一舞台
常凤霞,演出于,第一舞台
芙蓉艳,演出于,第一舞台
张素卿,演出于,第一舞台
金秀霞,演出于,第一舞台
金秀霞,演出于,燕舞台
贾桂兰,演出于,第一舞台
贾桂兰,演出于,燕舞台
贾小桥,演出于,第一舞台
王金铎,演出于,第一舞台
王馨兰,演出于,第一舞台
德振华,演出于,第一舞台
李桂珍,演出于,第一舞台
素文,演出于,第一舞台
石桂英,演出于,第一舞台
刘竹青,演出于,第一舞台
姜桂凤,演出于,第一舞台
赵少云,演出于,第一舞台
赵少云,演出于,消闲友会
谢荣元,演出于,第一舞台
李鸿霞,演出于,第一舞台
邱光华,演出于,第一舞台
邱光华,演出于,燕舞台
龚翠兰,演出于,第一舞台
邱光霞,演出于,第一舞台
许荫棠,演出于,第一舞台
许荫棠,演出于,景泰茶园
梅荣垒,演出于,第一舞台
曹二庆,演出于,第一舞台
马福仙,演出于,第一舞台
范福太,演出于,第一舞台
陆幼芬,演出于,第一舞台
小毛包,演出于,第一舞台
刘玉环,演出于,第一舞台
刘玉环,演出于,燕喜堂
王翠喜,演出于,第一舞台
朱云芬,演出于,第一舞台
李凤奎,演出于,第一舞台
李凤奎,演出于,燕喜堂
马云凤,演出于,第一舞台
马桂红,演出于,第一舞台
马俊山,演出于,景泰茶园
李金喜,演出于,景泰茶园
侯耀廷,演出于,景泰茶园
孙金翠,演出于,景泰茶园
吴金仙,演出于,景泰茶园
常荣福,演出于,景泰茶园
于小霞,演出于,景泰茶园
蓋月樵,演出于,景泰茶园
顺天红,演出于,景泰茶园
王少卿,演出于,景泰茶园
小龚卢,演出于,景泰茶园
小龚卢,演出于,燕喜堂
双俊峰,演出于,景泰茶园
小玉兴,演出于,景泰茶园
筱宝羲,演出于,景泰茶园
沈月秋,演出于,景泰茶园
小玉中,演出于,景泰茶园
翠玻璃,演出于,景泰茶园
侯月亭,演出于,景泰茶园
大祥子,演出于,景泰茶园
玉彩,演出于,景泰茶园
杜洪卿,演出于,景泰茶园
小润甫,演出于,景泰茶园
邢少棠,演出于,景泰茶园
德建棠,演出于,景泰茶园
德建棠,演出于,燕舞台
苏（左音右页）秋,演出于,景泰茶园
陈文奎,演出于,景泰茶园
候春兰,演出于,景泰茶园
崇鹤年,演出于,景泰茶园
崇鹤年,演出于,歌舞台
崇鹤年,演出于,吉祥舞台
吴顺倦,演出于,景泰茶园
溥世恒,演出于,景泰茶园
王桂官,演出于,景泰茶园
王桂花,演出于,景泰茶园
尹小峰,演出于,新明剧场
王华甫,演出于,新明剧场
王华甫,演出于,消闲友会
王华甫,演出于,堂会义务戏戏单
西冷居士,演出于,新明剧场
豹隐君,演出于,新明剧场
刘泽泉,演出于,新明剧场
刘泽泉,演出于,消闲友会
王秀雯,演出于,新新大戏院
白家麟,演出于,新新大戏院
金振声,演出于,新新大戏院
张连庭,演出于,新新戏院
奚啸伯,演出于,新新戏院
宗子恒,演出于,歌舞台
广视辰,演出于,歌舞台
筱双喜,演出于,歌舞台
筱双喜,演出于,吉祥舞台
孙佩亭,演出于,歌舞台
王吉林,演出于,歌舞台
梁连拄,演出于,歌舞台
筱福喜,演出于,歌舞台
天明亮,演出于,歌舞台
姜鑫坪,演出于,歌舞台
刘银玉,演出于,歌舞台
常德林,演出于,歌舞台
王玉庆,演出于,歌舞台
吴金林,演出于,歌舞台
王振明,演出于,歌舞台
德玉楼,演出于,歌舞台
王海全,演出于,歌舞台
张大头,演出于,歌舞台
张大头,演出于,燕舞台
白少甫,演出于,歌舞台
王玉昆,演出于,歌舞台
孟三立,演出于,歌舞台
福德启,演出于,歌舞台
张富友,演出于,歌舞台
高月山,演出于,歌舞台
任三春,演出于,歌舞台
长陈太,演出于,歌舞台
刘长有,演出于,歌舞台
永糖翠,演出于,歌舞台
周玉明,演出于,歌舞台
张益源,演出于,歌舞台
张益隆,演出于,歌舞台
张益隆,演出于,国立清华大学学生会工会
任益庭,演出于,歌舞台
王益兴,演出于,歌舞台
孙益喜,演出于,歌舞台
黄益安,演出于,歌舞台
王益正,演出于,歌舞台
陈益祥,演出于,歌舞台
李益胜,演出于,歌舞台
赵益芬,演出于,歌舞台
洪益奎,演出于,歌舞台
安益贵,演出于,歌舞台
刘连湘,演出于,歌舞台
郭凤池,演出于,歌舞台
郭凤池,演出于,国立清华大学学生会工会
全明祥,演出于,歌舞台
张德凤,演出于,歌舞台
张德凤,演出于,国立清华大学学生会工会
小艳芬,演出于,福寿堂
花桂芬,演出于,福寿堂
小双喜,演出于,福寿堂
小双喜,演出于,吉祥舞台
李翠分,演出于,福寿堂
李凤仙,演出于,福寿堂
李翠芬,演出于,福寿堂
花桂宝,演出于,福寿堂
金铜鑚,演出于,福寿堂
李飞英,演出于,福寿堂
李飞英,演出于,燕喜堂
小飞英,演出于,福寿堂
小飞英,演出于,燕喜堂
刘桂红,演出于,魁华舞台
刘桂红,演出于,燕舞台
王月茹,演出于,魁华舞台
艮娃仙,演出于,魁华舞台
金娃仙,演出于,魁华舞台
金娃仙,演出于,燕喜堂
金砚卿,演出于,魁华舞台
桂云凤,演出于,魁华舞台
二玉子,演出于,魁华舞台
荣桂芬,演出于,魁华舞台
荣桂芬,演出于,国立清华大学学生会工会
荣玉芬,演出于,魁华舞台
周砚卿,演出于,魁华舞台
于笑茹,演出于,魁华舞台
袁桂芬,演出于,魁华舞台
袁桂芬,演出于,燕舞台
袁桂芬,演出于,堂会义务戏戏单
桂云红,演出于,魁华舞台
赵素卿,演出于,魁华舞台
黄金凤,演出于,魁华舞台
黄金仙,演出于,魁华舞台
任凤仙,演出于,魁华舞台
任凤仙,演出于,燕舞台
李艮翠,演出于,魁华舞台
卢风仙,演出于,魁华舞台
兹月卿,演出于,魁华舞台
黄砚芬,演出于,魁华舞台
金翠兰,演出于,魁华舞台
蔡金凤,演出于,魁华舞台
蔡金凤,演出于,燕喜堂
小四福,演出于,魁华舞台
小四福,演出于,燕舞台
韩凤楼,演出于,魁华舞台
韩凤楼,演出于,燕舞台
李银翠,演出于,魁华舞台
于金玉,演出于,魁华舞台
小春楼,演出于,魁华舞台
小春楼,演出于,燕喜堂
金贵红,演出于,德泉戏园
王连卿,演出于,德泉戏园
王连卿,演出于,燕喜茶园
王连卿,演出于,燕喜堂
金贵香,演出于,德泉戏园
杨雪樵,演出于,德泉戏园
张惠卿,演出于,德泉戏园
张惠卿,演出于,燕喜茶园
张惠卿,演出于,燕喜堂
杨（左音右页）卿,演出于,德泉戏园
杨（左音右页）卿,演出于,燕喜茶园
杨（左音右页）卿,演出于,燕喜堂
曹秀山,演出于,德泉戏园
周燕亭,演出于,德泉戏园
周燕亭,演出于,燕喜茶园
周燕亭,演出于,燕喜堂
小灵芝,演出于,德泉戏园
小灵芝,演出于,燕喜茶园
小来云,演出于,德泉戏园
金秀卿,演出于,德泉戏园
金秀卿,演出于,燕喜茶园
金秀卿,演出于,燕喜堂
陈秀坡,演出于,德泉戏园
小紫合,演出于,德泉戏园
■得青,演出于,燕喜茶园
月楼,演出于,燕喜茶园
月山,演出于,燕喜茶园
小二虎,演出于,燕喜茶园
小双桂,演出于,燕喜茶园
小德功,演出于,燕喜茶园
筱龙安,演出于,燕喜堂
金覃英,演出于,燕喜堂
筱飞英,演出于,燕喜堂
刘凤英,演出于,燕喜堂
李俊樵,演出于,燕喜堂
金玉仙,演出于,燕喜堂
刘凤仙,演出于,燕喜堂
紫金英,演出于,燕喜堂
曾桂红,演出于,燕喜堂
曾桂荣,演出于,燕喜堂
小龙安,演出于,燕喜堂
刘金芬,演出于,燕喜堂
小兰芸,演出于,燕喜堂
小灵芸,演出于,燕喜堂
全班坤角合演,演出于,燕喜茶园
王连玉,演出于,燕喜茶园
陈秀波,演出于,燕喜茶园
陈秀波,演出于,燕喜堂
朱燕屏,演出于,燕喜茶园
朱燕屏,演出于,燕喜堂
王玉奎,演出于,燕喜茶园
王玉奎,演出于,燕喜堂
邢小亭,演出于,燕喜茶园
邢小亭,演出于,燕喜堂
小五朵,演出于,燕喜茶园
冯月仙,演出于,燕喜茶园
小兰舫,演出于,燕喜堂
张云卿,演出于,燕喜堂
赵金福,演出于,燕喜堂
高玉林,演出于,燕喜堂
金玉卿,演出于,燕喜堂
苏兰舫,演出于,燕喜堂
文玉喜,演出于,燕喜堂
小菊奎,演出于,燕喜堂
黄宝奎,演出于,燕喜堂
贾翠宝,演出于,燕喜堂
张永春,演出于,燕喜堂
刘香如,演出于,燕喜堂
张玉凤,演出于,燕喜堂
鑫荣仙,演出于,燕喜堂
鑫王仙,演出于,燕喜堂
金喜凤,演出于,燕喜堂
金喜林,演出于,燕喜堂
小彩分,演出于,燕喜堂
小彩凤,演出于,燕喜堂
张玉红,演出于,燕喜堂
陶兰亭,演出于,燕喜堂
宝云红,演出于,燕喜堂
黄宝贞,演出于,燕喜堂
如月卿,演出于,燕喜堂
赵荣福,演出于,燕喜堂
王丹秋,演出于,燕喜堂
赵桂荣,演出于,燕喜堂
何翠宝,演出于,燕喜堂
赵燕奎,演出于,燕喜堂
金桂英,演出于,燕喜堂
李云风,演出于,燕喜堂
李云卿,演出于,燕喜堂
董云凤,演出于,燕喜堂
苏彩曼,演出于,燕喜堂
文斌,演出于,燕喜堂
董菊舫,演出于,燕喜堂
小金子,演出于,燕喜堂
小金子,演出于,燕舞台
马桂林,演出于,燕喜堂
刘少亭,演出于,燕喜堂
杨淮卿,演出于,燕喜堂
筱菊奎,演出于,燕喜堂
小春秀,演出于,燕喜堂
小春泰,演出于,燕喜堂
小春凤,演出于,燕喜堂
小春燕,演出于,燕喜堂
小春恒,演出于,燕喜堂
小金■,演出于,燕喜堂
赵束云,演出于,燕喜堂
何翠燕,演出于,燕舞台
小凤英,演出于,燕舞台
杨福奎,演出于,燕舞台
杨凤仙,演出于,燕舞台
贾桂仙,演出于,燕舞台
宋飞燕,演出于,燕舞台
贾桂琴,演出于,燕舞台
周桂兰,演出于,燕舞台
刘少卿,演出于,燕舞台
刘少卿,演出于,堂会义务戏戏单
孙荣霞,演出于,燕舞台
刘云卿,演出于,燕舞台
梁瑞楼,演出于,燕舞台
梁瑞楼,演出于,堂会义务戏戏单
小月凤,演出于,燕舞台
小凤兰,演出于,燕舞台
祁月芳,演出于,燕舞台
小月风,演出于,燕舞台
金连芬,演出于,燕舞台
■春舫,演出于,燕舞台
江兰亭,演出于,燕舞台
江佩亭,演出于,燕舞台
小凤琴,演出于,燕舞台
江兰芳,演出于,燕舞台
金秀龄,演出于,燕舞台
东山仙,演出于,燕舞台
露水花,演出于,燕舞台
露水珠,演出于,燕舞台
刘俊卿,演出于,燕舞台
小云凤,演出于,燕舞台
俊雅伶,演出于,燕舞台
郭景兰,演出于,燕舞台
黄宝福,演出于,燕舞台
钱彩云,演出于,燕舞台
小云仙,演出于,燕舞台
郭景云,演出于,燕舞台
李宝琴,演出于,燕舞台
高芳仙,演出于,燕舞台
高云海,演出于,燕舞台
高凤,演出于,燕舞台
德于芳,演出于,燕舞台
尹顺庚,演出于,燕舞台
梁庆楼,演出于,燕舞台
苏凤彬,演出于,燕舞台
李砚云,演出于,燕舞台
杨占元,演出于,燕舞台
德珍,演出于,燕舞台
屈吉峰,演出于,燕舞台
连子红,演出于,燕舞台
董富森,演出于,燕舞台
杨春楼,演出于,燕舞台
张法兰,演出于,燕舞台
四顺奎,演出于,燕舞台
白莲藕,演出于,燕舞台
马小琴,演出于,燕舞台
马小仙,演出于,燕舞台
安凤卿,演出于,燕舞台
宝灵仙,演出于,燕舞台
小风英,演出于,燕舞台
白旋风,演出于,燕舞台
王银仙,演出于,燕舞台
孙月珠,演出于,燕舞台
韩翠燕,演出于,燕舞台
苏彩云,演出于,燕舞台
金莲芬,演出于,燕舞台
安月卿,演出于,燕舞台
贾桂芬,演出于,燕舞台
朱盛龄,演出于,消闲友会
张庙峰,演出于,消闲友会
浦盛艾,演出于,消闲友会
傅富铭,演出于,消闲友会
孙盛辅,演出于,消闲友会
荣富华,演出于,消闲友会
许盛玉,演出于,消闲友会
吴盛修,演出于,消闲友会
赵盛■,演出于,消闲友会
韩盛岫,演出于,消闲友会
董盛士,演出于,消闲友会
张盛禄,演出于,消闲友会
吴盛珍,演出于,消闲友会
金喜堂,演出于,消闲友会
■岁丑,演出于,消闲友会
陈官芳,演出于,消闲友会
常连坤,演出于,消闲友会
杜富隆,演出于,消闲友会
杜富兴,演出于,消闲友会
■儿观,演出于,消闲友会
李连贞,演出于,消闲友会
张福峰,演出于,消闲友会
关喜林,演出于,消闲友会
王连魁,演出于,消闲友会
高富权,演出于,消闲友会
陈荣惠,演出于,消闲友会
李富斋,演出于,消闲友会
兰连芳,演出于,消闲友会
吴富铭,演出于,消闲友会
赵云香,演出于,消闲友会
许幼田,演出于,消闲友会
迟月连,演出于,消闲友会
郭仲卫,演出于,消闲友会
斌庆全班合演,演出于,消闲友会
白砚秋,演出于,消闲友会
张斌英,演出于,消闲友会
王斌亭,演出于,消闲友会
张斌长,演出于,消闲友会
魏莲芳,演出于,消闲友会
小宝元,演出于,消闲友会
小云升,演出于,消闲友会
黄亶心,演出于,消闲友会
王曼寿,演出于,消闲友会
王恕敏,演出于,消闲友会
李际云,演出于,消闲友会
鲁俊卿,演出于,消闲友会
赵剑禅,演出于,消闲友会
秦假庵,演出于,消闲友会
舒子宽,演出于,消闲友会
松介眉,演出于,消闲友会
顾珏孙,演出于,消闲友会
于芝山,演出于,消闲友会
秦泽生,演出于,消闲友会
篑丹亭,演出于,消闲友会
刘荔荪,演出于,消闲友会
许鹏程,演出于,消闲友会
林钧甫,演出于,消闲友会
董叔平,演出于,消闲友会
傅长才,演出于,消闲友会
姚福才,演出于,消闲友会
丝篁（左舍右官）,演出于,消闲友会
汪寿臣,演出于,消闲友会
张筱山,演出于,消闲友会
于厚斋,演出于,消闲友会
金继贤,演出于,消闲友会
董惠亭,演出于,消闲友会
董伯评,演出于,消闲友会
马镇贤,演出于,消闲友会
徐乐之,演出于,消闲友会
马镇卿,演出于,消闲友会
醉蝉,演出于,消闲友会
周玉亭,演出于,消闲友会
德少谷,演出于,消闲友会
卧云居,演出于,消闲友会
菊隐,演出于,消闲友会
恩禹之,演出于,消闲友会
顾谨盒,演出于,消闲友会
李质轩,演出于,消闲友会
朱盛铃,演出于,消闲友会
胡盛岩,演出于,消闲友会
黄盛习,演出于,消闲友会
李盛德,演出于,消闲友会
刘盛连,演出于,消闲友会
孙盛芳,演出于,消闲友会
樊韬甫,演出于,消闲友会
刘养源,演出于,消闲友会
李盛泉,演出于,消闲友会
大合,演出于,消闲友会
二合,演出于,消闲友会
阿顺,演出于,消闲友会
黄三,演出于,消闲友会
佩秋,演出于,消闲友会
赵仙舫,演出于,消闲友会
桂芳,演出于,消闲友会
茹香,演出于,消闲友会
李五,演出于,消闲友会
连福仙,演出于,消闲友会
慈福胜,演出于,消闲友会
林福岩,演出于,消闲友会
郎少山,演出于,消闲友会
陈福云,演出于,消闲友会
李福祥,演出于,消闲友会
李福久,演出于,消闲友会
满福山,演出于,消闲友会
薛福荣,演出于,消闲友会
钱少香,演出于,消闲友会
徐福奎,演出于,消闲友会
陈福兰,演出于,消闲友会
王三龙,演出于,消闲友会
何兰云,演出于,消闲友会
妙银童,演出于,消闲友会
妙林山,演出于,消闲友会
董福兴,演出于,消闲友会
陈福长,演出于,消闲友会
章福升,演出于,消闲友会
郭福珍,演出于,消闲友会
李福涛,演出于,消闲友会
郝福鸣,演出于,消闲友会
祝荫亭,演出于,消闲友会
吴海泉,演出于,堂会义务戏戏单
姜小香,演出于,堂会义务戏戏单
筱慧舫,演出于,堂会义务戏戏单
韩月楼,演出于,堂会义务戏戏单
玉荣卿,演出于,堂会义务戏戏单
金砚秋,演出于,堂会义务戏戏单
李俊卿,演出于,堂会义务戏戏单
小桂官,演出于,堂会义务戏戏单
金兰英,演出于,堂会义务戏戏单
筱瑞芬,演出于,堂会义务戏戏单
筱桂官,演出于,堂会义务戏戏单
金云芝,演出于,堂会义务戏戏单
桂云芝,演出于,堂会义务戏戏单
艳桂芳,演出于,堂会义务戏戏单
艳桂影,演出于,堂会义务戏戏单
白岐山,演出于,堂会义务戏戏单
石小田,演出于,堂会义务戏戏单
王自绳,演出于,堂会义务戏戏单
乔尽臣,演出于,堂会义务戏戏单
王幼泉,演出于,堂会义务戏戏单
刘荔孙,演出于,堂会义务戏戏单
陈逸仙,演出于,堂会义务戏戏单
杨润甫,演出于,堂会义务戏戏单
宋钟语,演出于,堂会义务戏戏单
马云卿,演出于,堂会义务戏戏单
王瑞芝,演出于,堂会义务戏戏单
潘洛臣,演出于,堂会义务戏戏单
顾赞臣,演出于,堂会义务戏戏单
杨信臣,演出于,堂会义务戏戏单
孙化成,演出于,堂会义务戏戏单
杨兰亭,演出于,堂会义务戏戏单
世哲生,演出于,堂会义务戏戏单
广仲虎,演出于,堂会义务戏戏单
杜云江,演出于,浙江温处助账义务戏
桂云峯,演出于,浙江温处助账义务戏
恩晓峯,演出于,浙江温处助账义务戏
王艳秋,演出于,国立清华大学学生会工会
张兴源,演出于,国立清华大学学生会工会
姚顺堂,演出于,国立清华大学学生会工会
阎菊芬,演出于,国立清华大学学生会工会
井玉奎,演出于,国立清华大学学生会工会
贾保禄,演出于,国立清华大学学生会工会
赵云田,演出于,国立清华大学学生会工会
魏吟甫,演出于,国立清华大学学生会工会
张洪生,演出于,国立清华大学学生会工会
靳云生,演出于,国立清华大学学生会工会
宋彬斋,演出于,国立清华大学学生会工会
张西园,演出于,国立清华大学学生会工会
郭凤蓝,演出于,国立清华大学学生会工会
荣毓芬,演出于,国立清华大学学生会工会
金义臣,演出于,国立清华大学学生会工会
大唐房,演出于,国立清华大学学生会工会
孙何清,演出于,吉祥舞台
隐真,演出于,吉祥舞台
小来喜,演出于,吉祥舞台
